url,type,title,title_len,city,meta,meta_len,h1,h1_count,h2_count,h3_count,question_headings,words,images,images_no_alt,internal_links,external_links,canonical,canonical_self,og_image,stock_og,faq,faq_visible,entity_score,entity_grade,entity_missing,schema_nodes,service,local,review,article,breadcrumb,schema,noindex,has_form,has_video,tel_link,score,grade,recommendations,issues
https://goodsuite.com/,company,"GoodSuite | Managed Services in California | Print, IT & Security",65,True,"Discover the benefits of partnering with Managed Service Provider California GoodSuite for printing, IT, VoIP, and cybersecurity solutions.",139,Technology Simplified,1,12,16,6,909,26,0,93,20,https://goodsuite.com/,True,,False,False,True,80,B,"person, area, contact",8,False,False,False,False,False,"EntryPoint, ImageObject, Organization, PropertyValueSpecification, ReadAction, SearchAction, WebPage, WebSite",False,True,True,True,59,C,"Rewrite the title to 30 to 60 characters | Add a five-question FAQ marked up as FAQPage | Add Service schema (or Article schema on a post) | Add LocalBusiness schema with the office address | Add Review or AggregateRating schema from real Google reviews | Set a branded share image (og:image) | Name the expert or author as a Person, with a URL that identifies them | Add areaServed or a postal address to the entity | Add contactPoint or a telephone to the Organization",6
https://goodsuite.com/about-goodsuite/,company,About GoodSuite - GoodSuite,27,False,"Discover GoodSuite, your partner for streamlined technology solutions and consistent, responsive support tailored to your needs.",128,We Are GoodSuite,1,13,8,4,560,21,1,83,19,https://goodsuite.com/about-goodsuite/,True,,False,False,True,71,B,"person, area, contact, about",11,False,False,False,False,True,"BreadcrumbList, EntryPoint, ImageObject, ListItem, Organization, PropertyValueSpecification, ReadAction, SearchAction, WebPage, WebSite",False,True,True,True,47,D,"Rewrite the title to 30 to 60 characters | Add the city or service area to the title | Alt text on every image | Add a five-question FAQ marked up as FAQPage | Add Service schema (or Article schema on a post) | Add LocalBusiness schema with the office address | Add Review or AggregateRating schema from real Google reviews | Set a branded share image (og:image) | Name the expert or author as a Person, with a URL that identifies them | Add areaServed or a postal address to the entity | Add contactPoint or a telephone to the Organization | Name what the page is about with about, mentions or serviceType",8
https://goodsuite.com/audio-visual-solutions-book-meeting/,form,AV Solutions | Digital & Interactive Displays | GoodSuite,57,False,"Learn how interactive displays and audio visual solutions can bring your presentations, classrooms, and events to life. Contact our team today to learn more.",157,Audio Visual Solutions,1,7,18,4,731,6,0,83,20,https://goodsuite.com/audio-visual-solutions-book-meeting/,True,,False,False,True,45,D,"primary, provider, area, contact",11,False,False,False,False,True,"BreadcrumbList, EntryPoint, ImageObject, ListItem, Organization, PropertyValueSpecification, ReadAction, SearchAction, WebPage, WebSite",False,True,False,True,56,C,"Add the city or service area to the title | Add a five-question FAQ marked up as FAQPage | Add Service schema (or Article schema on a post) | Add LocalBusiness schema with the office address | Add Review or AggregateRating schema from real Google reviews | Set a branded share image (og:image) | Add the entity this page is about (Service, LocalBusiness, Article or Product) | Link this page's entity to the Organization (provider, publisher or parentOrganization) | Add areaServed or a postal address to the entity | Add contactPoint or a telephone to the Organization",6
https://goodsuite.com/audio-visual-solutions/,service,AV Solutions | Digital & Interactive Displays | GoodSuite,57,False,"Learn how interactive displays and audio visual solutions can bring your presentations, classrooms, and events to life. Contact our team today to learn more.",157,Audio Visual Solutions,1,7,18,4,731,6,0,85,18,https://goodsuite.com/audio-visual-solutions/,True,,False,False,True,48,D,"primary, provider, area, contact, about",11,False,False,False,False,True,"BreadcrumbList, EntryPoint, ImageObject, ListItem, Organization, PropertyValueSpecification, ReadAction, SearchAction, WebPage, WebSite",False,True,False,True,56,C,"Add the city or service area to the title | Add a five-question FAQ marked up as FAQPage | Add Service schema (or Article schema on a post) | Add LocalBusiness schema with the office address | Add Review or AggregateRating schema from real Google reviews | Set a branded share image (og:image) | Add the entity this page is about (Service, LocalBusiness, Article or Product) | Link this page's entity to the Organization (provider, publisher or parentOrganization) | Add areaServed or a postal address to the entity | Add contactPoint or a telephone to the Organization | Name what the page is about with about, mentions or serviceType",6
https://goodsuite.com/backup-and-disaster-recovery/,service,Backup & Disaster Recovery - GoodSuite,38,False,,0,Backup & Disaster Recovery,1,7,19,6,837,16,0,86,18,https://goodsuite.com/backup-and-disaster-recovery/,True,,False,False,True,48,D,"primary, provider, area, contact, about",11,False,False,False,False,True,"BreadcrumbList, EntryPoint, ImageObject, ListItem, Organization, PropertyValueSpecification, ReadAction, SearchAction, WebPage, WebSite",False,True,False,True,51,D,"Add the city or service area to the title | Write a meta description of 70 to 160 characters | Add a five-question FAQ marked up as FAQPage | Add Service schema (or Article schema on a post) | Add LocalBusiness schema with the office address | Add Review or AggregateRating schema from real Google reviews | Set a branded share image (og:image) | Add the entity this page is about (Service, LocalBusiness, Article or Product) | Link this page's entity to the Organization (provider, publisher or parentOrganization) | Add areaServed or a postal address to the entity | Add contactPoint or a telephone to the Organization | Name what the page is about with about, mentions or serviceType",7
https://goodsuite.com/backup-disaster-recovery-book-demo/,form,Backup & Disaster Recovery - GoodSuite,38,False,,0,Backup & Disaster Recovery,1,7,19,6,837,16,0,83,21,https://goodsuite.com/backup-disaster-recovery-book-demo/,True,,False,False,True,45,D,"primary, provider, area, contact",11,False,False,False,False,True,"BreadcrumbList, EntryPoint, ImageObject, ListItem, Organization, PropertyValueSpecification, ReadAction, SearchAction, WebPage, WebSite",False,True,False,True,51,D,"Add the city or service area to the title | Write a meta description of 70 to 160 characters | Add a five-question FAQ marked up as FAQPage | Add Service schema (or Article schema on a post) | Add LocalBusiness schema with the office address | Add Review or AggregateRating schema from real Google reviews | Set a branded share image (og:image) | Add the entity this page is about (Service, LocalBusiness, Article or Product) | Link this page's entity to the Organization (provider, publisher or parentOrganization) | Add areaServed or a postal address to the entity | Add contactPoint or a telephone to the Organization",7
https://goodsuite.com/blog/,company,Blog - GoodSuite,16,False,Check out our blog for in-depth tech insights and analysis. Stay ahead with the latest developments in technology.,114,,0,1,21,9,679,38,0,140,18,https://goodsuite.com/blog/,True,,False,False,False,71,B,"person, area, contact, about",11,False,False,False,False,True,"BreadcrumbList, EntryPoint, ImageObject, ListItem, Organization, PropertyValueSpecification, ReadAction, SearchAction, WebPage, WebSite",False,True,False,True,41,D,"Rewrite the title to 30 to 60 characters | Add the city or service area to the title | Give the page exactly one H1 | Break the copy into two or more H2 sections | Add a five-question FAQ marked up as FAQPage | Add Service schema (or Article schema on a post) | Add LocalBusiness schema with the office address | Add Review or AggregateRating schema from real Google reviews | Set a branded share image (og:image) | Name the expert or author as a Person, with a URL that identifies them | Add areaServed or a postal address to the entity | Add contactPoint or a telephone to the Organization | Name what the page is about with about, mentions or serviceType",9
https://goodsuite.com/blog/10-must-read-cybersecurity-facts/,post,10 Must-Read Cybersecurity Facts,32,False,"As various types of cyber attacks become more and more prevalent in our modern digital landscape, cybersecurity’s importance continues to grow, urging it to be pushed to the forefront of businesses’ priorities.",210,10 Must-Read Cybersecurity Facts,1,2,8,1,1497,16,0,102,25,https://goodsuite.com/blog/10-must-read-cybersecurity-facts/,True,https://goodsuite.com/wp-content/uploads/2022/08/10-Must-Read-Cybersecurity-Facts.jpg,False,False,False,96,A,contact,16,False,False,False,True,True,"Article, BreadcrumbList, EntryPoint, ImageObject, ListItem, Organization, Person, PropertyValueSpecification, ReadAction, SearchAction, WebPage, WebSite",False,True,False,True,63,C,Add the city or service area to the title | Write a meta description of 70 to 160 characters | Add a five-question FAQ marked up as FAQPage | Add LocalBusiness schema with the office address | Add Review or AggregateRating schema from real Google reviews | Add contactPoint or a telephone to the Organization,5
https://goodsuite.com/blog/10-personal-cyber-security-tips/,post,10 Personal Cyber Security Tips - GoodSuite,43,False,Want to know the best and easiest cyber security tips to keep you and your computer safe from malware and viruses?,114,10 Personal Cyber Security Tips,1,5,8,1,834,16,0,102,19,https://goodsuite.com/blog/10-personal-cyber-security-tips/,True,https://goodsuite.com/wp-content/uploads/2022/03/AdobeStock_797324150.jpeg,True,False,False,96,A,contact,16,False,False,False,True,True,"Article, BreadcrumbList, EntryPoint, ImageObject, ListItem, Organization, Person, PropertyValueSpecification, ReadAction, SearchAction, WebPage, WebSite",False,True,False,True,66,C,Add the city or service area to the title | Add a five-question FAQ marked up as FAQPage | Add LocalBusiness schema with the office address | Add Review or AggregateRating schema from real Google reviews | Set a branded share image (og:image) | Add contactPoint or a telephone to the Organization,5
https://goodsuite.com/blog/2021-book-recommendations-by-dan-strull/,post,2021 Book Recommendations by Dan Strull - GoodSuite,51,False,"Top 20 books recommended by GoodSuite CEO, Dan Strull, to read in 2021. Don't miss out on this incredible opportunity to learn and grow!",136,2021 Book Recommendations by Dan Strull,3,2,8,1,2298,25,0,111,28,https://goodsuite.com/blog/2021-book-recommendations-by-dan-strull/,True,https://goodsuite.com/wp-content/uploads/2021/09/many-books-textured-background-top-view-multicolor-P2VMUYE-scaled.jpg,False,False,False,96,A,contact,16,False,False,False,True,True,"Article, BreadcrumbList, EntryPoint, ImageObject, ListItem, Organization, Person, PropertyValueSpecification, ReadAction, SearchAction, WebPage, WebSite",False,True,False,True,63,C,Add the city or service area to the title | Give the page exactly one H1 | Add a five-question FAQ marked up as FAQPage | Add LocalBusiness schema with the office address | Add Review or AggregateRating schema from real Google reviews | Add contactPoint or a telephone to the Organization,5
https://goodsuite.com/blog/3-steps-to-environmental-sustainability-in-the-office/,post,3 Steps to Environmental Sustainability in the Office - GoodSuite,65,False,Discover practical 3 steps to environmental sustainability in the office. Transform your workplace with green practices.,120,3 Steps to Environmental Sustainability in the Office,1,2,8,1,689,13,0,104,21,https://goodsuite.com/blog/3-steps-to-environmental-sustainability-in-the-office/,True,,False,False,True,96,A,contact,15,False,False,False,True,True,"Article, BreadcrumbList, EntryPoint, ImageObject, ListItem, Organization, Person, PropertyValueSpecification, ReadAction, SearchAction, WebPage, WebSite",False,True,False,True,61,C,Rewrite the title to 30 to 60 characters | Add the city or service area to the title | Add a five-question FAQ marked up as FAQPage | Add LocalBusiness schema with the office address | Add Review or AggregateRating schema from real Google reviews | Set a branded share image (og:image) | Add contactPoint or a telephone to the Organization,6
https://goodsuite.com/blog/3-ways-legal-firms-benefit-from-managed-it-services/,post,3 Ways Legal Firms Benefit From Managed IT Services - GoodSuite,63,False,Learn about the advantages legal firms gain when they utilize managed IT services to manage their information effectively.,122,3 Ways Legal Firms Benefit From Managed IT Services,1,2,9,0,721,12,0,103,20,https://goodsuite.com/blog/3-ways-legal-firms-benefit-from-managed-it-services/,True,,False,False,False,96,A,contact,15,False,False,False,True,True,"Article, BreadcrumbList, EntryPoint, ImageObject, ListItem, Organization, Person, PropertyValueSpecification, ReadAction, SearchAction, WebPage, WebSite",False,True,False,True,53,D,Rewrite the title to 30 to 60 characters | Add the city or service area to the title | Add a heading that asks the question the page answers | Add a five-question FAQ marked up as FAQPage | Add LocalBusiness schema with the office address | Add Review or AggregateRating schema from real Google reviews | Set a branded share image (og:image) | Add contactPoint or a telephone to the Organization,7
https://goodsuite.com/blog/5-best-print-marketing-materials/,post,5 Best Print Marketing Materials - GoodSuite,44,False,Curious about what the best print marketing materials are to use for your business promotion? We have the scoop for you.,120,5 Best Print Marketing Materials,1,3,8,3,977,15,0,101,24,https://goodsuite.com/blog/5-best-print-marketing-materials/,True,https://goodsuite.com/wp-content/uploads/2022/05/AdobeStock_1291330547.jpeg,True,False,True,96,A,contact,16,False,False,False,True,True,"Article, BreadcrumbList, EntryPoint, ImageObject, ListItem, Organization, Person, PropertyValueSpecification, ReadAction, SearchAction, WebPage, WebSite",False,True,False,True,66,C,Add the city or service area to the title | Add a five-question FAQ marked up as FAQPage | Add LocalBusiness schema with the office address | Add Review or AggregateRating schema from real Google reviews | Set a branded share image (og:image) | Add contactPoint or a telephone to the Organization,5
https://goodsuite.com/blog/5-reasons-you-require-data-backup-and-recovery/,post,5 Reasons You Require Data Backup and Recovery,46,False,"Luckily, in these scenarios, a backup can save you from the stress of losing your important data. A backup serves as a copy of your data, either stored in a cloud or a physical hard drive, allowing you to access your data even if it’s been lost locally.",253,5 Reasons You Require Data Backup and Recovery,1,2,8,2,1265,17,0,103,20,https://goodsuite.com/blog/5-reasons-you-require-data-backup-and-recovery/,True,https://goodsuite.com/wp-content/uploads/2022/08/data-backup.jpg,False,False,False,96,A,contact,16,False,False,False,True,True,"Article, BreadcrumbList, EntryPoint, ImageObject, ListItem, Organization, Person, PropertyValueSpecification, ReadAction, SearchAction, WebPage, WebSite",False,True,False,True,63,C,Add the city or service area to the title | Write a meta description of 70 to 160 characters | Add a five-question FAQ marked up as FAQPage | Add LocalBusiness schema with the office address | Add Review or AggregateRating schema from real Google reviews | Add contactPoint or a telephone to the Organization,5
https://goodsuite.com/blog/5-step-checklist-for-evaluating-your-print-security/,post,5-Step Checklist for Evaluating Your Print Security,51,False,"When assessing internet security, many people neglect print security. Although this aspect is frequently forgotten, your printers play an important role in the level of security within your office.",197,5-Step Checklist for Evaluating Your Print Security,1,3,8,2,1186,16,0,102,22,https://goodsuite.com/blog/5-step-checklist-for-evaluating-your-print-security/,True,https://goodsuite.com/wp-content/uploads/2022/08/5-Step-Checklist-for-Evaluating-Your-Print-Security.jpg,False,False,False,96,A,contact,16,False,False,False,True,True,"Article, BreadcrumbList, EntryPoint, ImageObject, ListItem, Organization, Person, PropertyValueSpecification, ReadAction, SearchAction, WebPage, WebSite",False,True,False,True,63,C,Add the city or service area to the title | Write a meta description of 70 to 160 characters | Add a five-question FAQ marked up as FAQPage | Add LocalBusiness schema with the office address | Add Review or AggregateRating schema from real Google reviews | Add contactPoint or a telephone to the Organization,5
https://goodsuite.com/blog/5-tips-for-maintaining-office-copiers/,post,5 Tips for Maintaining Office Copiers - GoodSuite,49,False,"When people think about office copiers or the functions thereof, they usually just think of copying a couple of pages and moving on.",132,5 Tips for Maintaining Office Copiers,1,2,8,1,870,17,0,103,20,https://goodsuite.com/blog/5-tips-for-maintaining-office-copiers/,True,https://goodsuite.com/wp-content/uploads/2020/12/SUB_MV_A_11_header.jpg,False,False,False,96,A,contact,16,False,False,False,True,True,"Article, BreadcrumbList, EntryPoint, ImageObject, ListItem, Organization, Person, PropertyValueSpecification, ReadAction, SearchAction, WebPage, WebSite",False,True,False,True,68,C,Add the city or service area to the title | Add a five-question FAQ marked up as FAQPage | Add LocalBusiness schema with the office address | Add Review or AggregateRating schema from real Google reviews | Add contactPoint or a telephone to the Organization,4
https://goodsuite.com/blog/5-ways-document-management-benefits-the-aerospace-industry/,post,5 Ways Document Management Benefits the Aerospace Industry - GoodSuite,70,False,Discover 5 ways document management benefits the aerospace industry by enhancing access to critical information and improving efficiency.,137,5 Ways Document Management Benefits the Aerospace Industry,1,2,8,2,697,13,0,106,19,https://goodsuite.com/blog/5-ways-document-management-benefits-the-aerospace-industry/,True,,False,False,False,96,A,contact,15,False,False,False,True,True,"Article, BreadcrumbList, EntryPoint, ImageObject, ListItem, Organization, Person, PropertyValueSpecification, ReadAction, SearchAction, WebPage, WebSite",False,True,False,True,61,C,Rewrite the title to 30 to 60 characters | Add the city or service area to the title | Add a five-question FAQ marked up as FAQPage | Add LocalBusiness schema with the office address | Add Review or AggregateRating schema from real Google reviews | Set a branded share image (og:image) | Add contactPoint or a telephone to the Organization,6
https://goodsuite.com/blog/5-ways-managed-print-services-can-help-your-company/,post,5 Ways Managed Print Services Can Help Your Company - GoodSuite,63,False,Discover 5 ways managed print services can help your company cut costs and boost productivity effectively.,106,5 Ways Managed Print Services Can Help Your Company,1,2,8,1,682,13,0,103,18,https://goodsuite.com/blog/5-ways-managed-print-services-can-help-your-company/,True,,False,False,False,90,A,"contact, clean",15,False,False,False,True,True,"Article, BreadcrumbList, EntryPoint, ImageObject, ListItem, Organization, Person, PropertyValueSpecification, ReadAction, SearchAction, WebPage, WebSite",False,True,False,True,61,C,Rewrite the title to 30 to 60 characters | Add the city or service area to the title | Add a five-question FAQ marked up as FAQPage | Add LocalBusiness schema with the office address | Add Review or AggregateRating schema from real Google reviews | Set a branded share image (og:image) | Add contactPoint or a telephone to the Organization | Remove empty and placeholder values from the markup,6
https://goodsuite.com/blog/6-reasons-why-accounting-firms-should-use-managed-print-services/,post,6 Reasons Accounting Firms Need Managed Print Services,54,False,"Find out why accounting firms benefit from managed print services. Explore 6 key reasons to boost security, cut costs, and improve workflow efficiency.",151,6 Reasons Why Accounting Firms Should Use Managed Print Services,1,2,8,2,1097,18,0,104,20,https://goodsuite.com/blog/6-reasons-why-accounting-firms-should-use-managed-print-services/,True,https://goodsuite.com/wp-content/uploads/2025/04/1100x400-good-suites-11.jpg,False,False,False,96,A,contact,16,False,False,False,True,True,"Article, BreadcrumbList, EntryPoint, ImageObject, ListItem, Organization, Person, PropertyValueSpecification, ReadAction, SearchAction, WebPage, WebSite",False,True,False,True,68,C,Add the city or service area to the title | Add a five-question FAQ marked up as FAQPage | Add LocalBusiness schema with the office address | Add Review or AggregateRating schema from real Google reviews | Add contactPoint or a telephone to the Organization,4
https://goodsuite.com/blog/8-important-things-to-consider-when-buying-copiers/,post,8 Important Things to Consider When Buying Copiers - GoodSuite,62,False,There are a lot of important factors that you must weigh when considering such a large purchase. Buying copiers requires being informed.,136,8 Important Things to Consider When Buying Copiers,1,2,8,0,1046,15,0,102,19,https://goodsuite.com/blog/8-important-things-to-consider-when-buying-copiers/,True,https://goodsuite.com/wp-content/uploads/2021/10/AdobeStock_298833710.jpeg,True,False,False,96,A,contact,16,False,False,False,True,True,"Article, BreadcrumbList, EntryPoint, ImageObject, ListItem, Organization, Person, PropertyValueSpecification, ReadAction, SearchAction, WebPage, WebSite",False,True,False,True,53,D,Rewrite the title to 30 to 60 characters | Add the city or service area to the title | Add a heading that asks the question the page answers | Add a five-question FAQ marked up as FAQPage | Add LocalBusiness schema with the office address | Add Review or AggregateRating schema from real Google reviews | Set a branded share image (og:image) | Add contactPoint or a telephone to the Organization,7
https://goodsuite.com/blog/9-reasons-why-voip-phone-systems-are-flawless-for-business/,post,9 Reasons Why VoIP Phone Systems are Flawless for Business - GoodSuite,70,False,VoIP phone systems are often needed for businesses of all sizes and scopes. Here are some things to consider when choosing one.,127,9 Reasons Why VoIP Phone Systems are Flawless for Business,1,3,8,3,860,17,0,104,21,https://goodsuite.com/blog/9-reasons-why-voip-phone-systems-are-flawless-for-business/,True,https://goodsuite.com/wp-content/uploads/2022/04/AdobeStock_471833671.jpeg,True,False,False,96,A,contact,16,False,False,False,True,True,"Article, BreadcrumbList, EntryPoint, ImageObject, ListItem, Organization, Person, PropertyValueSpecification, ReadAction, SearchAction, WebPage, WebSite",False,True,False,True,61,C,Rewrite the title to 30 to 60 characters | Add the city or service area to the title | Add a five-question FAQ marked up as FAQPage | Add LocalBusiness schema with the office address | Add Review or AggregateRating schema from real Google reviews | Set a branded share image (og:image) | Add contactPoint or a telephone to the Organization,6
https://goodsuite.com/blog/a-basic-guide-to-managed-print-services/,post,A Basic Guide to Managed Print Services,39,False,"When it comes to IT solutions in your office space, one of the most prevalent features that people often fail to invest in is managed print services. Although it is sometimes forgotten, managed print services providers offer an unmatched service that can effectively increase your business’s productivity and boost your business financially by cutting costs.",358,A Basic Guide to Managed Print Services,1,2,8,1,1246,17,0,104,23,https://goodsuite.com/blog/a-basic-guide-to-managed-print-services/,True,https://goodsuite.com/wp-content/uploads/2022/09/Basic-Guide-to-Managed-Print-Services.jpg,False,False,True,96,A,contact,16,False,False,False,True,True,"Article, BreadcrumbList, EntryPoint, ImageObject, ListItem, Organization, Person, PropertyValueSpecification, ReadAction, SearchAction, WebPage, WebSite",False,True,False,True,63,C,Add the city or service area to the title | Write a meta description of 70 to 160 characters | Add a five-question FAQ marked up as FAQPage | Add LocalBusiness schema with the office address | Add Review or AggregateRating schema from real Google reviews | Add contactPoint or a telephone to the Organization,5
https://goodsuite.com/blog/a-day-in-the-chqs-life-our-admin-team/,post,A Day in the CHQS Life: Our Admin Team - GoodSuite,50,False,Discover how our admin team works tirelessly behind the scenes to ensure customer satisfaction and efficient operations.,120,A Day in the CHQS Life: Our Admin Team,1,2,12,1,721,14,0,104,18,https://goodsuite.com/blog/a-day-in-the-chqs-life-our-admin-team/,True,,False,False,False,96,A,contact,15,False,False,False,True,True,"Article, BreadcrumbList, EntryPoint, ImageObject, ListItem, Organization, Person, PropertyValueSpecification, ReadAction, SearchAction, WebPage, WebSite",False,True,False,True,66,C,Add the city or service area to the title | Add a five-question FAQ marked up as FAQPage | Add LocalBusiness schema with the office address | Add Review or AggregateRating schema from real Google reviews | Set a branded share image (og:image) | Add contactPoint or a telephone to the Organization,5
https://goodsuite.com/blog/a-day-in-the-chqs-life-our-sales-team/,post,A Day in the CHQS life: Our Sales Team - GoodSuite,50,False,Join us for a day in the CHQS life and see how our dedicated sales team meets the needs of clients with enthusiasm.,115,A Day in the CHQS life: Our Sales Team,1,2,13,0,686,13,0,103,19,https://goodsuite.com/blog/a-day-in-the-chqs-life-our-sales-team/,True,,False,False,False,96,A,contact,15,False,False,False,True,True,"Article, BreadcrumbList, EntryPoint, ImageObject, ListItem, Organization, Person, PropertyValueSpecification, ReadAction, SearchAction, WebPage, WebSite",False,True,False,True,58,C,Add the city or service area to the title | Add a heading that asks the question the page answers | Add a five-question FAQ marked up as FAQPage | Add LocalBusiness schema with the office address | Add Review or AggregateRating schema from real Google reviews | Set a branded share image (og:image) | Add contactPoint or a telephone to the Organization,6
https://goodsuite.com/blog/advantages-of-document-scanning/,post,Advantages of Document Scanning - GoodSuite,43,False,"What is the best way to convert physical files to digital? Through document scanning, of course! Here's a look at how to get started.",133,Advantages of Document Scanning,1,3,8,1,860,17,0,104,20,https://goodsuite.com/blog/advantages-of-document-scanning/,True,https://goodsuite.com/wp-content/uploads/2020/09/business-secretary-scanning-documents-X973WGN-scaled-1-e1727910731937.jpg,False,False,False,96,A,contact,16,False,False,False,True,True,"Article, BreadcrumbList, EntryPoint, ImageObject, ListItem, Organization, Person, PropertyValueSpecification, ReadAction, SearchAction, WebPage, WebSite",False,True,False,True,68,C,Add the city or service area to the title | Add a five-question FAQ marked up as FAQPage | Add LocalBusiness schema with the office address | Add Review or AggregateRating schema from real Google reviews | Add contactPoint or a telephone to the Organization,4
https://goodsuite.com/blog/ai-working-behind-the-scenes-office/,post,How AI Is Already Working Behind the Scenes in Your Office - GoodSuite,70,False,"Learn how AI works behind the scenes in your office, monitoring IT, print, security, backups, and VoIP to catch issues early.",125,How AI Is Already Working Behind the Scenes in Your Office,1,2,8,3,1711,19,0,107,20,https://goodsuite.com/blog/ai-working-behind-the-scenes-office/,True,https://goodsuite.com/wp-content/uploads/2026/03/AdobeStock_1127779892.jpeg,True,False,False,96,A,contact,16,False,False,False,True,True,"Article, BreadcrumbList, EntryPoint, ImageObject, ListItem, Organization, Person, PropertyValueSpecification, ReadAction, SearchAction, WebPage, WebSite",False,True,False,True,61,C,Rewrite the title to 30 to 60 characters | Add the city or service area to the title | Add a five-question FAQ marked up as FAQPage | Add LocalBusiness schema with the office address | Add Review or AggregateRating schema from real Google reviews | Set a branded share image (og:image) | Add contactPoint or a telephone to the Organization,6
https://goodsuite.com/blog/alerts-dont-equal-protection-cybersecurity/,post,Why Alerts Don’t Equal Protection in Cybersecurity - GoodSuite,62,False,Security alerts don’t stop cyber threats. Learn why detection without response leaves your business exposed.,108,Why Alerts Don’t Equal Protection in Cybersecurity,1,2,8,3,1492,19,0,106,20,https://goodsuite.com/blog/alerts-dont-equal-protection-cybersecurity/,True,https://goodsuite.com/wp-content/uploads/2026/03/AdobeStock_1907571565.jpeg,True,False,True,96,A,contact,16,False,False,False,True,True,"Article, BreadcrumbList, EntryPoint, ImageObject, ListItem, Organization, Person, PropertyValueSpecification, ReadAction, SearchAction, WebPage, WebSite",False,True,False,True,61,C,Rewrite the title to 30 to 60 characters | Add the city or service area to the title | Add a five-question FAQ marked up as FAQPage | Add LocalBusiness schema with the office address | Add Review or AggregateRating schema from real Google reviews | Set a branded share image (og:image) | Add contactPoint or a telephone to the Organization,6
https://goodsuite.com/blog/announcing-the-chqs-shopsmall-raffle/,post,Announcing the CHQS #ShopSmall Raffle - GoodSuite,49,False,Join us for the CHQS#ShopSmall Raffle and support local businesses this Small Business Saturday. Participate all November.,122,Announcing the CHQS #ShopSmall Raffle,1,2,8,1,624,14,0,105,20,https://goodsuite.com/blog/announcing-the-chqs-shopsmall-raffle/,True,,False,False,False,96,A,contact,16,False,False,False,True,True,"Article, BreadcrumbList, EntryPoint, ImageObject, ListItem, Organization, Person, PropertyValueSpecification, ReadAction, SearchAction, WebPage, WebSite",False,True,False,True,66,C,Add the city or service area to the title | Add a five-question FAQ marked up as FAQPage | Add LocalBusiness schema with the office address | Add Review or AggregateRating schema from real Google reviews | Set a branded share image (og:image) | Add contactPoint or a telephone to the Organization,5
https://goodsuite.com/blog/antivirus-software-small-business-security/,post,Is Antivirus Software Good Enough for Small Businesses? - GoodSuite,67,False,Is antivirus enough for small businesses? Learn where it falls short and what real protection looks like against modern cyber threats.,134,Is Antivirus Software Good Enough for Small Businesses?,1,2,8,4,1094,17,0,107,20,https://goodsuite.com/blog/antivirus-software-small-business-security/,True,https://goodsuite.com/wp-content/uploads/2026/03/AdobeStock_1775443547.jpeg,True,False,True,96,A,contact,16,False,False,False,True,True,"Article, BreadcrumbList, EntryPoint, ImageObject, ListItem, Organization, Person, PropertyValueSpecification, ReadAction, SearchAction, WebPage, WebSite",False,True,False,True,61,C,Rewrite the title to 30 to 60 characters | Add the city or service area to the title | Add a five-question FAQ marked up as FAQPage | Add LocalBusiness schema with the office address | Add Review or AggregateRating schema from real Google reviews | Set a branded share image (og:image) | Add contactPoint or a telephone to the Organization,6
https://goodsuite.com/blog/backup-disaster-recovery-for-small-businesses-how-to-stay-safe/,post,Backup & Disaster Recovery for Small Businesses: How to Stay Safe - GoodSuite,77,False,Learn how small businesses can protect themselves with backup and disaster recovery strategies. Stay secure and recover quickly if disaster strikes.,148,Backup & Disaster Recovery for Small Businesses: How to Stay Safe,1,2,8,0,1613,19,0,104,20,https://goodsuite.com/blog/backup-disaster-recovery-for-small-businesses-how-to-stay-safe/,True,https://goodsuite.com/wp-content/uploads/2025/04/1100x400-good-suitesf-3.jpg,False,False,True,96,A,contact,16,False,False,False,True,True,"Article, BreadcrumbList, EntryPoint, ImageObject, ListItem, Organization, Person, PropertyValueSpecification, ReadAction, SearchAction, WebPage, WebSite",False,True,False,True,55,C,Rewrite the title to 30 to 60 characters | Add the city or service area to the title | Add a heading that asks the question the page answers | Add a five-question FAQ marked up as FAQPage | Add LocalBusiness schema with the office address | Add Review or AggregateRating schema from real Google reviews | Add contactPoint or a telephone to the Organization,6
https://goodsuite.com/blog/beginners-guide-to-checking-hp-printer-ink-levels/,post,Beginners’ Guide to Checking HP Printer Ink Levels - GoodSuite,62,False,"When your HP printer ink levels are on the lower side, or running out entirely, it can really affect the overall quality of your print.",135,Beginners’ Guide to Checking HP Printer Ink Levels,1,2,8,0,872,15,0,101,19,https://goodsuite.com/blog/beginners-guide-to-checking-hp-printer-ink-levels/,True,https://goodsuite.com/wp-content/uploads/2020/09/MPS-31_1000.jpg,False,False,False,96,A,contact,16,False,False,False,True,True,"Article, BreadcrumbList, EntryPoint, ImageObject, ListItem, Organization, Person, PropertyValueSpecification, ReadAction, SearchAction, WebPage, WebSite",False,True,False,True,55,C,Rewrite the title to 30 to 60 characters | Add the city or service area to the title | Add a heading that asks the question the page answers | Add a five-question FAQ marked up as FAQPage | Add LocalBusiness schema with the office address | Add Review or AggregateRating schema from real Google reviews | Add contactPoint or a telephone to the Organization,6
https://goodsuite.com/blog/benefits-of-managed-print-services-for-nonprofits/,post,Benefits of Managed Print Services for Nonprofits - GoodSuite,61,False,"Learn how the benefits of managed print services for nonprofits can enhance workflows and reduce costs, maximizing your budget.",127,Benefits of Managed Print Services for Nonprofits,1,2,8,2,1267,17,0,103,20,https://goodsuite.com/blog/benefits-of-managed-print-services-for-nonprofits/,True,https://goodsuite.com/wp-content/uploads/2025/05/Benefits-of-Managed-Print-Services-for-Nonprofits-banner.jpg,False,False,True,96,A,contact,16,False,False,False,True,True,"Article, BreadcrumbList, EntryPoint, ImageObject, ListItem, Organization, Person, PropertyValueSpecification, ReadAction, SearchAction, WebPage, WebSite",False,True,False,True,63,C,Rewrite the title to 30 to 60 characters | Add the city or service area to the title | Add a five-question FAQ marked up as FAQPage | Add LocalBusiness schema with the office address | Add Review or AggregateRating schema from real Google reviews | Add contactPoint or a telephone to the Organization,5
https://goodsuite.com/blog/benefits-of-managed-print-services-for-small-businesses/,post,Benefits of Managed Print Services for Small Businesses,55,False,"Discover how Managed Print Services help small businesses save on costs, reduce print waste, and improve workflow efficiency across the board.",142,Benefits of Managed Print Services for Small Businesses,1,2,8,1,1389,15,0,103,21,https://goodsuite.com/blog/benefits-of-managed-print-services-for-small-businesses/,True,https://goodsuite.com/wp-content/uploads/2024/11/f-2.jpg,False,False,True,96,A,contact,16,False,False,False,True,True,"Article, BreadcrumbList, EntryPoint, ImageObject, ListItem, Organization, Person, PropertyValueSpecification, ReadAction, SearchAction, WebPage, WebSite",False,True,False,True,68,C,Add the city or service area to the title | Add a five-question FAQ marked up as FAQPage | Add LocalBusiness schema with the office address | Add Review or AggregateRating schema from real Google reviews | Add contactPoint or a telephone to the Organization,4
https://goodsuite.com/blog/benefits-of-print-solutions-for-construction-companies/,post,Benefits of Print Solutions for Construction Companies,54,False,"Enhance project efficiency with print solutions for construction companies. Improve document management, reduce costs, and streamline workflows easily.",151,Benefits of Print Solutions for Construction Companies,1,2,8,1,1347,15,0,103,21,https://goodsuite.com/blog/benefits-of-print-solutions-for-construction-companies/,True,https://goodsuite.com/wp-content/uploads/2025/02/1100x400-good-suites.jpg,False,False,True,96,A,contact,16,False,False,False,True,True,"Article, BreadcrumbList, EntryPoint, ImageObject, ListItem, Organization, Person, PropertyValueSpecification, ReadAction, SearchAction, WebPage, WebSite",False,True,False,True,68,C,Add the city or service area to the title | Add a five-question FAQ marked up as FAQPage | Add LocalBusiness schema with the office address | Add Review or AggregateRating schema from real Google reviews | Add contactPoint or a telephone to the Organization,4
https://goodsuite.com/blog/best-commercial-printers-for-construction-businesses/,post,Best Commercial Printers for Construction Businesses - GoodSuite,64,False,"Discover the best commercial printers for construction businesses. Explore top printers designed for durability, large-format plans, and high-volume printing needs.",164,Best Commercial Printers for Construction Businesses,1,2,8,2,1457,17,0,107,20,https://goodsuite.com/blog/best-commercial-printers-for-construction-businesses/,True,https://goodsuite.com/wp-content/uploads/2025/06/1100x400-good.jpg,False,False,False,96,A,contact,16,False,False,False,True,True,"Article, BreadcrumbList, EntryPoint, ImageObject, ListItem, Organization, Person, PropertyValueSpecification, ReadAction, SearchAction, WebPage, WebSite",False,True,False,True,58,C,Rewrite the title to 30 to 60 characters | Add the city or service area to the title | Write a meta description of 70 to 160 characters | Add a five-question FAQ marked up as FAQPage | Add LocalBusiness schema with the office address | Add Review or AggregateRating schema from real Google reviews | Add contactPoint or a telephone to the Organization,6
https://goodsuite.com/blog/best-copiers-for-offices-a-comprehensive-guide-to-choosing-the-right-one/,post,Best Copiers for Offices: A Comprehensive Guide to Choosing the Right One - GoodSuite,85,False,"Discover the best copiers for offices with our complete guide. Compare features, types, and tips to choose the perfect copier for your business needs.",150,Best Copiers for Offices: A Comprehensive Guide to Choosing the Right One,1,2,9,0,1443,17,0,107,19,https://goodsuite.com/blog/best-copiers-for-offices-a-comprehensive-guide-to-choosing-the-right-one/,True,https://goodsuite.com/wp-content/uploads/2025/05/f-14.jpg,False,False,True,96,A,contact,16,False,False,False,True,True,"Article, BreadcrumbList, EntryPoint, ImageObject, ListItem, Organization, Person, PropertyValueSpecification, ReadAction, SearchAction, WebPage, WebSite",False,True,False,True,55,C,Rewrite the title to 30 to 60 characters | Add the city or service area to the title | Add a heading that asks the question the page answers | Add a five-question FAQ marked up as FAQPage | Add LocalBusiness schema with the office address | Add Review or AggregateRating schema from real Google reviews | Add contactPoint or a telephone to the Organization,6
https://goodsuite.com/blog/best-office-printers-copiers-for-2025/,post,Best Copiers and Printers for Offices in 2025 | GoodSuite,57,False,"Find the best copiers and printers for 2025. GoodSuite offers top-rated printer copiers, copier services & expert solutions in Fresno & Orange County.",150,Best Office Printers & Copiers for 2025,1,2,8,1,1579,15,0,108,20,https://goodsuite.com/blog/best-office-printers-copiers-for-2025/,True,https://goodsuite.com/wp-content/uploads/2025/02/90038.jpg,False,False,False,96,A,contact,16,False,False,False,True,True,"Article, BreadcrumbList, EntryPoint, ImageObject, ListItem, Organization, Person, PropertyValueSpecification, ReadAction, SearchAction, WebPage, WebSite",False,True,False,True,68,C,Add the city or service area to the title | Add a five-question FAQ marked up as FAQPage | Add LocalBusiness schema with the office address | Add Review or AggregateRating schema from real Google reviews | Add contactPoint or a telephone to the Organization,4
https://goodsuite.com/blog/best-printers-and-copiers-for-law-firms/,post,Best Printers & Copiers for Law Firms | Top Legal Office Picks,62,False,"Discover the best printers and copiers for law firms. Improve efficiency, print legal documents with precision, and streamline your office workflow today!",154,Best Printers and Copiers for Law Firms,1,2,8,1,1377,17,0,109,20,https://goodsuite.com/blog/best-printers-and-copiers-for-law-firms/,True,https://goodsuite.com/wp-content/uploads/2025/03/1100x400-good-suites-2.jpg,False,False,False,96,A,contact,16,False,False,False,True,True,"Article, BreadcrumbList, EntryPoint, ImageObject, ListItem, Organization, Person, PropertyValueSpecification, ReadAction, SearchAction, WebPage, WebSite",False,True,False,True,63,C,Rewrite the title to 30 to 60 characters | Add the city or service area to the title | Add a five-question FAQ marked up as FAQPage | Add LocalBusiness schema with the office address | Add Review or AggregateRating schema from real Google reviews | Add contactPoint or a telephone to the Organization,5
https://goodsuite.com/blog/best-printers-copiers-for-real-estate-complete-guide/,post,Best Printers & Copiers for Real Estate: Complete Buying Guide,62,False,"Explore the best printers and copiers for real estate. Our complete guide helps you choose the ideal equipment for printing contracts, photos, and more efficiently.",164,Best Printers & Copiers for Real Estate: Complete Guide,1,2,8,0,1334,17,0,111,19,https://goodsuite.com/blog/best-printers-copiers-for-real-estate-complete-guide/,True,https://goodsuite.com/wp-content/uploads/2025/03/1100x400-good-suitesf-2.jpg,False,False,False,96,A,contact,16,False,False,False,True,True,"Article, BreadcrumbList, EntryPoint, ImageObject, ListItem, Organization, Person, PropertyValueSpecification, ReadAction, SearchAction, WebPage, WebSite",False,True,False,True,50,D,Rewrite the title to 30 to 60 characters | Add the city or service area to the title | Write a meta description of 70 to 160 characters | Add a heading that asks the question the page answers | Add a five-question FAQ marked up as FAQPage | Add LocalBusiness schema with the office address | Add Review or AggregateRating schema from real Google reviews | Add contactPoint or a telephone to the Organization,7
https://goodsuite.com/blog/best-printers-for-offices/,post,Best Printers for Offices | GoodSuite,37,False,Visit Goodsuite's to discover the top office printers to use. Examine the best choices available to increase efficiency and productivity at work. Call now!,155,Best Printers for Offices,1,2,8,2,1614,17,0,105,22,https://goodsuite.com/blog/best-printers-for-offices/,True,https://goodsuite.com/wp-content/uploads/2024/05/Best-Printers-for-Offices.jpg,False,False,True,96,A,contact,16,False,False,False,True,True,"Article, BreadcrumbList, EntryPoint, ImageObject, ListItem, Organization, Person, PropertyValueSpecification, ReadAction, SearchAction, WebPage, WebSite",False,True,False,True,68,C,Add the city or service area to the title | Add a five-question FAQ marked up as FAQPage | Add LocalBusiness schema with the office address | Add Review or AggregateRating schema from real Google reviews | Add contactPoint or a telephone to the Organization,4
https://goodsuite.com/blog/best-printers-of-2023/,post,Best Printers of 2023 | GoodSuite,33,False,GoodSuite reviews the best printers of 2023. Explore top-rated models to meet your business needs and improve your printing efficiency. Contact us now!,151,Best Printers of 2023,1,2,9,0,1241,16,0,102,23,https://goodsuite.com/blog/best-printers-of-2023/,True,https://goodsuite.com/wp-content/uploads/2023/03/blog-banner-1024x241.jpg,False,False,False,96,A,contact,16,False,False,False,True,True,"Article, BreadcrumbList, EntryPoint, ImageObject, ListItem, Organization, Person, PropertyValueSpecification, ReadAction, SearchAction, WebPage, WebSite",False,True,False,True,60,C,Add the city or service area to the title | Add a heading that asks the question the page answers | Add a five-question FAQ marked up as FAQPage | Add LocalBusiness schema with the office address | Add Review or AggregateRating schema from real Google reviews | Add contactPoint or a telephone to the Organization,5
https://goodsuite.com/blog/ccpa-2026-new-rules-compliance/,post,Think You're CCPA Compliant? New 2026 Rules May Say Otherwise - GoodSuite,73,False,"New 2026 CCPA regulations introduce stricter rules on AI, cybersecurity audits, and risk assessments. Learn what they mean for your business.",141,Think You’re CCPA Compliant? New 2026 Rules May Say Otherwise,1,2,8,1,2118,20,0,108,20,https://goodsuite.com/blog/ccpa-2026-new-rules-compliance/,True,https://goodsuite.com/wp-content/uploads/2026/03/AdobeStock_681535992.jpeg,True,False,True,96,A,contact,16,False,False,False,True,True,"Article, BreadcrumbList, EntryPoint, ImageObject, ListItem, Organization, Person, PropertyValueSpecification, ReadAction, SearchAction, WebPage, WebSite",False,True,False,True,61,C,Rewrite the title to 30 to 60 characters | Add the city or service area to the title | Add a five-question FAQ marked up as FAQPage | Add LocalBusiness schema with the office address | Add Review or AggregateRating schema from real Google reviews | Set a branded share image (og:image) | Add contactPoint or a telephone to the Organization,6
https://goodsuite.com/blog/cloud-based-cybersecurity-problems-and-best-practices/,post,Cloud-Based Cybersecurity Problems and Best Practices,53,False,"In today’s constantly evolving digital landscape, cloud computing has become a staple in the way businesses operate. Investing in a cloud service is an excellent way to back up your company’s data and ensure you can recover your information if it was compromised in any way.",274,Cloud-Based Cybersecurity Problems and Best Practices,1,2,8,0,1232,17,0,105,22,https://goodsuite.com/blog/cloud-based-cybersecurity-problems-and-best-practices/,True,https://goodsuite.com/wp-content/uploads/2022/10/Cloud-Based-Cybersecurity-Problems-and-Best-Practices.jpg,False,False,False,90,A,"contact, clean",16,False,False,False,True,True,"Article, BreadcrumbList, EntryPoint, ImageObject, ListItem, Organization, Person, PropertyValueSpecification, ReadAction, SearchAction, WebPage, WebSite",False,True,False,True,55,C,Add the city or service area to the title | Write a meta description of 70 to 160 characters | Add a heading that asks the question the page answers | Add a five-question FAQ marked up as FAQPage | Add LocalBusiness schema with the office address | Add Review or AggregateRating schema from real Google reviews | Add contactPoint or a telephone to the Organization | Remove empty and placeholder values from the markup,6
https://goodsuite.com/blog/commercial-print-marketing-what-you-need-to-know/,post,Commercial Print Marketing: What You Need to Know,49,False,Want to improve your marketing strategy? Learn what you need to know about commercial print marketing and how to use it effectively.,132,Commercial Print Marketing: What You Need to Know,1,2,8,2,1364,18,0,107,21,https://goodsuite.com/blog/commercial-print-marketing-what-you-need-to-know/,True,https://goodsuite.com/wp-content/uploads/2024/11/f-1.jpg,False,False,True,96,A,contact,16,False,False,False,True,True,"Article, BreadcrumbList, EntryPoint, ImageObject, ListItem, Organization, Person, PropertyValueSpecification, ReadAction, SearchAction, WebPage, WebSite",False,True,False,True,68,C,Add the city or service area to the title | Add a five-question FAQ marked up as FAQPage | Add LocalBusiness schema with the office address | Add Review or AggregateRating schema from real Google reviews | Add contactPoint or a telephone to the Organization,4
https://goodsuite.com/blog/commercial-printing-guide/,post,Commercial Printing Guide,25,False,"Your go-to guide for commercial printing! Discover tips, techniques, and the latest trends to make your print projects stand out.",129,Commercial Printing Guide,1,2,8,1,1242,16,0,104,20,https://goodsuite.com/blog/commercial-printing-guide/,True,https://goodsuite.com/wp-content/uploads/2024/10/featured-2.jpg,False,False,False,96,A,contact,16,False,False,False,True,True,"Article, BreadcrumbList, EntryPoint, ImageObject, ListItem, Organization, Person, PropertyValueSpecification, ReadAction, SearchAction, WebPage, WebSite",False,True,False,True,63,C,Rewrite the title to 30 to 60 characters | Add the city or service area to the title | Add a five-question FAQ marked up as FAQPage | Add LocalBusiness schema with the office address | Add Review or AggregateRating schema from real Google reviews | Add contactPoint or a telephone to the Organization,5
https://goodsuite.com/blog/complete-guide-to-managed-it-services-in-los-angeles/,post,Complete Guide to Managed IT Services in Los Angeles,52,True,"Looking for Managed IT Services in Los Angeles? Our complete guide covers everything you need to know for reliable, scalable IT support.",136,Complete Guide to Managed IT Services in Los Angeles,1,2,8,0,1311,15,0,102,20,https://goodsuite.com/blog/complete-guide-to-managed-it-services-in-los-angeles/,True,https://goodsuite.com/wp-content/uploads/2024/10/featured.jpg,False,False,False,96,A,contact,16,False,False,False,True,True,"Article, BreadcrumbList, EntryPoint, ImageObject, ListItem, Organization, Person, PropertyValueSpecification, ReadAction, SearchAction, WebPage, WebSite",False,True,False,True,68,C,Add a heading that asks the question the page answers | Add a five-question FAQ marked up as FAQPage | Add LocalBusiness schema with the office address | Add Review or AggregateRating schema from real Google reviews | Add contactPoint or a telephone to the Organization,4
https://goodsuite.com/blog/complete-guide-to-print-services-for-small-businesses/,post,Complete Guide to Print Services for Small Businesses,53,False,"The complete guide to print services for small businesses—save money, boost productivity, and simplify your printing needs with ease.",133,Complete Guide to Print Services for Small Businesses,1,2,8,1,1274,16,0,103,24,https://goodsuite.com/blog/complete-guide-to-print-services-for-small-businesses/,True,https://goodsuite.com/wp-content/uploads/2023/08/Complete-Guide-to-Print-Services-for-Small-Businesses-goodsuite-8-18-2023.png,False,False,True,96,A,contact,16,False,False,False,True,True,"Article, BreadcrumbList, EntryPoint, ImageObject, ListItem, Organization, Person, PropertyValueSpecification, ReadAction, SearchAction, WebPage, WebSite",False,True,False,True,68,C,Add the city or service area to the title | Add a five-question FAQ marked up as FAQPage | Add LocalBusiness schema with the office address | Add Review or AggregateRating schema from real Google reviews | Add contactPoint or a telephone to the Organization,4
https://goodsuite.com/blog/complete-guide-to-secure-print-management/,post,Complete Guide to Secure Print Management | Best Practices,58,False,"Discover the complete guide to secure print management. Learn top strategies, tools, and tips to protect your documents and streamline printing workflows.",154,Complete Guide to Secure Print Management,1,2,8,3,1402,17,0,103,20,https://goodsuite.com/blog/complete-guide-to-secure-print-management/,True,https://goodsuite.com/wp-content/uploads/2025/04/1100x400-good-suites-12.jpg,False,False,True,96,A,contact,16,False,False,False,True,True,"Article, BreadcrumbList, EntryPoint, ImageObject, ListItem, Organization, Person, PropertyValueSpecification, ReadAction, SearchAction, WebPage, WebSite",False,True,False,True,68,C,Add the city or service area to the title | Add a five-question FAQ marked up as FAQPage | Add LocalBusiness schema with the office address | Add Review or AggregateRating schema from real Google reviews | Add contactPoint or a telephone to the Organization,4
https://goodsuite.com/blog/cost-saving-benefits-of-managed-print-services-in-manufacturing/,post,Cost-Saving Benefits of Managed Print Services in Manufacturing,63,False,"Reduce costs and boost efficiency with managed print services in manufacturing. Discover how MPS minimizes waste, improves workflow, and saves money.",149,Cost-Saving Benefits of Managed Print Services in Manufacturing,1,2,8,2,1345,16,0,104,21,https://goodsuite.com/blog/cost-saving-benefits-of-managed-print-services-in-manufacturing/,True,https://goodsuite.com/wp-content/uploads/2025/03/1100x400-good-suitesf.jpg,False,False,True,96,A,contact,16,False,False,False,True,True,"Article, BreadcrumbList, EntryPoint, ImageObject, ListItem, Organization, Person, PropertyValueSpecification, ReadAction, SearchAction, WebPage, WebSite",False,True,False,True,63,C,Rewrite the title to 30 to 60 characters | Add the city or service area to the title | Add a five-question FAQ marked up as FAQPage | Add LocalBusiness schema with the office address | Add Review or AggregateRating schema from real Google reviews | Add contactPoint or a telephone to the Organization,5
https://goodsuite.com/blog/cybersecurity-101-everything-you-need-to-know/,post,Cybersecurity 101: Everything You Need to Know - GoodSuite,58,False,Read this guide to learn the fundamentals of cybersecurity. Learn vital strategies and tactics to defend your company against online attacks. Connect now!,154,Cybersecurity 101: Everything You Need to Know,1,2,8,1,1048,15,0,102,21,https://goodsuite.com/blog/cybersecurity-101-everything-you-need-to-know/,True,https://goodsuite.com/wp-content/uploads/2024/02/Cybersecurity-101-Everything-You-Need-to-Know.jpg,False,False,False,90,A,"contact, clean",16,False,False,False,True,True,"Article, BreadcrumbList, EntryPoint, ImageObject, ListItem, Organization, Person, PropertyValueSpecification, ReadAction, SearchAction, WebPage, WebSite",False,True,False,True,68,C,Add the city or service area to the title | Add a five-question FAQ marked up as FAQPage | Add LocalBusiness schema with the office address | Add Review or AggregateRating schema from real Google reviews | Add contactPoint or a telephone to the Organization | Remove empty and placeholder values from the markup,4
https://goodsuite.com/blog/cybersecurity-compliance-complete-guide/,post,Cybersecurity Compliance: Complete Guide - GoodSuite,52,False,Understand the fundamentals of cybersecurity compliance with our complete guide to secure your organization's data.,115,Cybersecurity Compliance: Complete Guide,1,2,8,0,1238,19,0,105,21,https://goodsuite.com/blog/cybersecurity-compliance-complete-guide/,True,https://goodsuite.com/wp-content/uploads/2025/05/1025.jpg,False,False,False,96,A,contact,16,False,False,False,True,True,"Article, BreadcrumbList, EntryPoint, ImageObject, ListItem, Organization, Person, PropertyValueSpecification, ReadAction, SearchAction, WebPage, WebSite",False,True,False,True,60,C,Add the city or service area to the title | Add a heading that asks the question the page answers | Add a five-question FAQ marked up as FAQPage | Add LocalBusiness schema with the office address | Add Review or AggregateRating schema from real Google reviews | Add contactPoint or a telephone to the Organization,5
https://goodsuite.com/blog/cybersecurity-for-small-businesses-a-complete-guide/,post,Cybersecurity for Small Businesses: A Complete Guide - GoodSuite,64,False,Cybersecurity for small businesses is crucial. Discover our complete guide to safeguard your company from cyber threats.,120,Cybersecurity for Small Businesses: A Complete Guide,1,2,8,2,1398,17,0,102,18,https://goodsuite.com/blog/cybersecurity-for-small-businesses-a-complete-guide/,True,https://goodsuite.com/wp-content/uploads/2025/04/f-13.jpg,False,False,True,90,A,"contact, clean",16,False,False,False,True,True,"Article, BreadcrumbList, EntryPoint, ImageObject, ListItem, Organization, Person, PropertyValueSpecification, ReadAction, SearchAction, WebPage, WebSite",False,True,False,True,63,C,Rewrite the title to 30 to 60 characters | Add the city or service area to the title | Add a five-question FAQ marked up as FAQPage | Add LocalBusiness schema with the office address | Add Review or AggregateRating schema from real Google reviews | Add contactPoint or a telephone to the Organization | Remove empty and placeholder values from the markup,5
https://goodsuite.com/blog/cybersecurity-guide-for-businesses/,post,Cybersecurity Guide for Businesses | GoodSuite,46,False,"Stay ahead of cyber threats with GoodSuite’s expert cybersecurity guide, offering essential strategies for business protection.",127,Cybersecurity Guide for Businesses,1,2,8,1,1573,16,0,103,26,https://goodsuite.com/blog/cybersecurity-guide-for-businesses/,True,https://goodsuite.com/wp-content/uploads/2024/08/01-1.jpg,False,False,False,96,A,contact,16,False,False,False,True,True,"Article, BreadcrumbList, EntryPoint, ImageObject, ListItem, Organization, Person, PropertyValueSpecification, ReadAction, SearchAction, WebPage, WebSite",False,True,False,True,68,C,Add the city or service area to the title | Add a five-question FAQ marked up as FAQPage | Add LocalBusiness schema with the office address | Add Review or AggregateRating schema from real Google reviews | Add contactPoint or a telephone to the Organization,4
https://goodsuite.com/blog/cybersecurity-tips-for-small-businesses/,post,Top 10 Cybersecurity Tips and Strategies for SMBs - GoodSuite,61,False,"Discover 10 practical cybersecurity tips to help small businesses reduce risks, protect data, and strengthen security.",118,Top 10 Cybersecurity Tips and Strategies for SMBs,1,14,12,4,2068,17,0,107,26,https://goodsuite.com/blog/cybersecurity-tips-for-small-businesses/,True,https://goodsuite.com/wp-content/uploads/2026/08/AdobeStock_405392152.jpeg,True,False,True,96,A,contact,16,False,False,False,True,True,"Article, BreadcrumbList, EntryPoint, ImageObject, ListItem, Organization, Person, PropertyValueSpecification, ReadAction, SearchAction, WebPage, WebSite",False,True,False,True,61,C,Rewrite the title to 30 to 60 characters | Add the city or service area to the title | Add a five-question FAQ marked up as FAQPage | Add LocalBusiness schema with the office address | Add Review or AggregateRating schema from real Google reviews | Set a branded share image (og:image) | Add contactPoint or a telephone to the Organization,6
https://goodsuite.com/blog/cybersecurity-trends-in-2024-how-to-keep-your-business-safe-this-year/,post,Cybersecurity Trends in 2024: How to Keep Your Business Safe This Year,70,False,Explore the cybersecurity trends of 2024 and provide actionable insights to help businesses fortify their defenses and stay safe in this dynamic digital era.,157,Cybersecurity Trends in 2024: How to Keep Your Business Safe This Year,1,2,8,1,1126,16,0,104,21,https://goodsuite.com/blog/cybersecurity-trends-in-2024-how-to-keep-your-business-safe-this-year/,True,https://goodsuite.com/wp-content/uploads/2024/01/cyberseurity-solutions-cybersecurity-solution-providers-Goodsuite.png,False,False,False,96,A,contact,16,False,False,False,True,True,"Article, BreadcrumbList, EntryPoint, ImageObject, ListItem, Organization, Person, PropertyValueSpecification, ReadAction, SearchAction, WebPage, WebSite",False,True,False,True,63,C,Rewrite the title to 30 to 60 characters | Add the city or service area to the title | Add a five-question FAQ marked up as FAQPage | Add LocalBusiness schema with the office address | Add Review or AggregateRating schema from real Google reviews | Add contactPoint or a telephone to the Organization,5
https://goodsuite.com/blog/cybersecurity-trends-of-2022/,post,Cybersecurity Trends of 2022,28,False,"In the ever-evolving digital landscape, cybersecurity precautions must constantly adapt to suit the current dangers. From year to year, as new technologies become available, the most common threats to our digital security continue to change rapidly, forcing us to adjust accordingly.",283,Cybersecurity Trends of 2022,1,2,8,1,1213,15,0,101,21,https://goodsuite.com/blog/cybersecurity-trends-of-2022/,True,https://goodsuite.com/wp-content/uploads/2022/08/Cybersecurity-Trends-of-2022.jpg,False,False,False,96,A,contact,16,False,False,False,True,True,"Article, BreadcrumbList, EntryPoint, ImageObject, ListItem, Organization, Person, PropertyValueSpecification, ReadAction, SearchAction, WebPage, WebSite",False,True,False,True,58,C,Rewrite the title to 30 to 60 characters | Add the city or service area to the title | Write a meta description of 70 to 160 characters | Add a five-question FAQ marked up as FAQPage | Add LocalBusiness schema with the office address | Add Review or AggregateRating schema from real Google reviews | Add contactPoint or a telephone to the Organization,6
https://goodsuite.com/blog/dark-web-monitoring-is-your-business-protected/,post,Dark Web Monitoring : Is Your Business Protected?,49,False,Protect your business with dark web monitoring. Learn how to detect and prevent cyber threats targeting your sensitive information. Check our article now!,154,Dark Web Monitoring: Is Your Business Protected?,1,2,8,3,1108,17,0,104,20,https://goodsuite.com/blog/dark-web-monitoring-is-your-business-protected/,True,https://goodsuite.com/wp-content/uploads/2023/04/Dark-Web-Monitoring.jpg,False,False,True,96,A,contact,16,False,False,False,True,True,"Article, BreadcrumbList, EntryPoint, ImageObject, ListItem, Organization, Person, PropertyValueSpecification, ReadAction, SearchAction, WebPage, WebSite",False,True,False,True,68,C,Add the city or service area to the title | Add a five-question FAQ marked up as FAQPage | Add LocalBusiness schema with the office address | Add Review or AggregateRating schema from real Google reviews | Add contactPoint or a telephone to the Organization,4
https://goodsuite.com/blog/dark-web-safety-for-small-businesses/,post,Dark Web Safety for Small Businesses | GoodSuite,48,False,Dark web safety for small businesses involves securing sensitive information and monitoring for leaks to protect against cyber threats.,135,Dark Web Safety for Small Businesses,1,2,8,1,1275,17,0,104,24,https://goodsuite.com/blog/dark-web-safety-for-small-businesses/,True,https://goodsuite.com/wp-content/uploads/2023/07/goodsuite-Dark-Web-Safety-for-Small-Businesses.jpg,False,False,False,96,A,contact,16,False,False,False,True,True,"Article, BreadcrumbList, EntryPoint, ImageObject, ListItem, Organization, Person, PropertyValueSpecification, ReadAction, SearchAction, WebPage, WebSite",False,True,False,True,68,C,Add the city or service area to the title | Add a five-question FAQ marked up as FAQPage | Add LocalBusiness schema with the office address | Add Review or AggregateRating schema from real Google reviews | Add contactPoint or a telephone to the Organization,4
https://goodsuite.com/blog/does-my-business-need-cybersecurity/,post,Does My Business Need Cybersecurity? - GoodSuite,48,False,Shield your business from cyber threats. Learn why cybersecurity is crucial for safeguarding your assets. Expert advice awaits. Read the article today!,151,Does My Business Need Cybersecurity?,1,2,8,2,1119,15,0,102,22,https://goodsuite.com/blog/does-my-business-need-cybersecurity/,True,https://goodsuite.com/wp-content/uploads/2023/09/does-business-security.jpg,False,False,False,96,A,contact,16,False,False,False,True,True,"Article, BreadcrumbList, EntryPoint, ImageObject, ListItem, Organization, Person, PropertyValueSpecification, ReadAction, SearchAction, WebPage, WebSite",False,True,False,True,68,C,Add the city or service area to the title | Add a five-question FAQ marked up as FAQPage | Add LocalBusiness schema with the office address | Add Review or AggregateRating schema from real Google reviews | Add contactPoint or a telephone to the Organization,4
https://goodsuite.com/blog/does-your-business-need-managed-it-services/,post,Does Your Business Need Managed IT Services? | GoodSuite,56,False,"In this comprehensive guide, we will explore what managed IT services are, their benefits, and how to determine if your business needs them. Read More!",151,Does Your Business Need Managed IT Services?,1,2,8,3,1271,15,0,103,25,https://goodsuite.com/blog/does-your-business-need-managed-it-services/,True,https://goodsuite.com/wp-content/uploads/2023/07/Does-Your-Business-Need-Managed-IT-Services.jpg,False,False,True,96,A,contact,16,False,False,False,True,True,"Article, BreadcrumbList, EntryPoint, ImageObject, ListItem, Organization, Person, PropertyValueSpecification, ReadAction, SearchAction, WebPage, WebSite",False,True,False,True,68,C,Add the city or service area to the title | Add a five-question FAQ marked up as FAQPage | Add LocalBusiness schema with the office address | Add Review or AggregateRating schema from real Google reviews | Add contactPoint or a telephone to the Organization,4
https://goodsuite.com/blog/eco-friendly-office-printing-how-to-give-back-to-the-environment-and-your-business/,post,Eco-Friendly Office Printing,28,False,There are many ways in which you can make your office a more eco-friendly place. Green office printing is a good place to start.,128,Eco-Friendly Office Printing: How to Give Back to the Environment and Your Business,1,3,9,3,844,15,0,101,20,https://goodsuite.com/blog/eco-friendly-office-printing-how-to-give-back-to-the-environment-and-your-business/,True,https://goodsuite.com/wp-content/uploads/2022/05/Screen-Shot-2022-05-27-at-12.56.33-PM.png,False,False,False,96,A,contact,16,False,False,False,True,True,"Article, BreadcrumbList, EntryPoint, ImageObject, ListItem, Organization, Person, PropertyValueSpecification, ReadAction, SearchAction, WebPage, WebSite",False,True,False,True,63,C,Rewrite the title to 30 to 60 characters | Add the city or service area to the title | Add a five-question FAQ marked up as FAQPage | Add LocalBusiness schema with the office address | Add Review or AggregateRating schema from real Google reviews | Add contactPoint or a telephone to the Organization,5
https://goodsuite.com/blog/essential-cybersecurity-tips-for-small-business-owners/,post,Essential Cybersecurity Tips for Small Business Owners,54,False,Keep your small business secure with these essential cybersecurity tips. Learn how to protect your data and prevent cyber attacks effectively. Don't miss out!,158,Essential Cybersecurity Tips for Small Business Owners,1,2,8,1,1155,17,0,103,19,https://goodsuite.com/blog/essential-cybersecurity-tips-for-small-business-owners/,True,https://goodsuite.com/wp-content/uploads/2023/05/10-Essential-Cybersecurity-Tips-for-Small-Businesses.webp,False,False,False,96,A,contact,16,False,False,False,True,True,"Article, BreadcrumbList, EntryPoint, ImageObject, ListItem, Organization, Person, PropertyValueSpecification, ReadAction, SearchAction, WebPage, WebSite",False,True,False,True,68,C,Add the city or service area to the title | Add a five-question FAQ marked up as FAQPage | Add LocalBusiness schema with the office address | Add Review or AggregateRating schema from real Google reviews | Add contactPoint or a telephone to the Organization,4
https://goodsuite.com/blog/goodsuite-achieving-it-industry-goals-at-an-impressive-rate-of-speed/,post,GoodSuite: Achieving IT Industry Goals at an Impressive Rate of Speed,69,False,"GoodSuite continues to make a prominent name for itself in the IT industry. What began as a copier company, Copier Headquarters, in 1998, GoodSuite is now a multi-faceted company covering many service areas within the IT industry.",230,GoodSuite: Achieving IT Industry Goals at an Impressive Rate of Speed,1,2,8,2,1063,16,0,103,20,https://goodsuite.com/blog/goodsuite-achieving-it-industry-goals-at-an-impressive-rate-of-speed/,True,https://goodsuite.com/wp-content/uploads/2022/11/Achieving-IT-Industry-Goals-at-an-Impressive-Rate-of-Speed.jpg,False,False,False,96,A,contact,16,False,False,False,True,True,"Article, BreadcrumbList, EntryPoint, ImageObject, ListItem, Organization, Person, PropertyValueSpecification, ReadAction, SearchAction, WebPage, WebSite",False,True,False,True,58,C,Rewrite the title to 30 to 60 characters | Add the city or service area to the title | Write a meta description of 70 to 160 characters | Add a five-question FAQ marked up as FAQPage | Add LocalBusiness schema with the office address | Add Review or AggregateRating schema from real Google reviews | Add contactPoint or a telephone to the Organization,6
https://goodsuite.com/blog/goodsuite-celebrates-25-years/,post,GoodSuite Celebrates 25 Years - GoodSuite,41,False,"GoodSuite marks 25 years of success. Learn about our journey, key milestones, and what's next for our company as we celebrate this anniversary. Don't miss out!",159,GoodSuite Celebrates 25 Years,1,2,8,1,1463,16,0,102,22,https://goodsuite.com/blog/goodsuite-celebrates-25-years/,True,https://goodsuite.com/wp-content/uploads/2023/02/GoodSuite-Celebrates-25-Years.jpg,False,False,False,96,A,contact,16,False,False,False,True,True,"Article, BreadcrumbList, EntryPoint, ImageObject, ListItem, Organization, Person, PropertyValueSpecification, ReadAction, SearchAction, WebPage, WebSite",False,True,False,True,68,C,Add the city or service area to the title | Add a five-question FAQ marked up as FAQPage | Add LocalBusiness schema with the office address | Add Review or AggregateRating schema from real Google reviews | Add contactPoint or a telephone to the Organization,4
https://goodsuite.com/blog/goodsuite-vp-of-customer-service-jodie-grice-sets-us-apart-in-new-highlight/,post,GoodSuite VP of Customer Service Jodie Grice Sets Us Apart in New Highlight,75,False,"In a new interview with ENX Magazine, GoodSuite Vice President of Customer Service Jodie Grice is highlighted for not only her experience in the fields of printer and copier sales and in cybersecurity services but also for her work in making a difference for the customers she interacts with every day.",302,GoodSuite VP of Customer Service Jodie Grice Sets Us Apart in New Highlight,1,5,8,1,828,14,0,100,20,https://goodsuite.com/blog/goodsuite-vp-of-customer-service-jodie-grice-sets-us-apart-in-new-highlight/,True,https://goodsuite.com/wp-content/uploads/2022/07/enx-magazine.jpg,False,False,False,96,A,contact,16,False,False,False,True,True,"Article, BreadcrumbList, EntryPoint, ImageObject, ListItem, Organization, Person, PropertyValueSpecification, ReadAction, SearchAction, WebPage, WebSite",False,True,False,True,58,C,Rewrite the title to 30 to 60 characters | Add the city or service area to the title | Write a meta description of 70 to 160 characters | Add a five-question FAQ marked up as FAQPage | Add LocalBusiness schema with the office address | Add Review or AggregateRating schema from real Google reviews | Add contactPoint or a telephone to the Organization,6
https://goodsuite.com/blog/goodsuites-5-core-values/,post,GoodSuite's 5 Core Values,25,False,"GoodSuite's core values include excellence, integrity, innovation, teamwork, and customer satisfaction. Explore what drives our company.Visit our website now!",158,GoodSuite’s 5 Core Values,1,2,8,0,1226,16,0,103,19,https://goodsuite.com/blog/goodsuites-5-core-values/,True,https://goodsuite.com/wp-content/uploads/2023/01/5core-values.jpg,False,False,False,96,A,contact,16,False,False,False,True,True,"Article, BreadcrumbList, EntryPoint, ImageObject, ListItem, Organization, Person, PropertyValueSpecification, ReadAction, SearchAction, WebPage, WebSite",False,True,False,True,55,C,Rewrite the title to 30 to 60 characters | Add the city or service area to the title | Add a heading that asks the question the page answers | Add a five-question FAQ marked up as FAQPage | Add LocalBusiness schema with the office address | Add Review or AggregateRating schema from real Google reviews | Add contactPoint or a telephone to the Organization,6
https://goodsuite.com/blog/google-discontinues-scan-to-email-functions-on-may-30/,post,Google Discontinues Scan-to-Email Functions on May 30 - GoodSuite,65,False,"Please be informed that beginning on May 30th 2022, if you use Scan-To-Email on your Copier/MFP using Gmail, this functionality will no longer work due to changes Google is making with their email services.",206,Google Discontinues Scan-to-Email Functions on May 30,2,7,8,5,1167,15,0,103,19,https://goodsuite.com/blog/google-discontinues-scan-to-email-functions-on-may-30/,True,https://goodsuite.com/wp-content/uploads/2022/05/discontinued-01-e1653521562175.jpg,False,False,False,96,A,contact,16,False,False,False,True,True,"Article, BreadcrumbList, EntryPoint, ImageObject, ListItem, Organization, Person, PropertyValueSpecification, ReadAction, SearchAction, WebPage, WebSite",False,True,False,True,53,D,Rewrite the title to 30 to 60 characters | Add the city or service area to the title | Write a meta description of 70 to 160 characters | Give the page exactly one H1 | Add a five-question FAQ marked up as FAQPage | Add LocalBusiness schema with the office address | Add Review or AggregateRating schema from real Google reviews | Add contactPoint or a telephone to the Organization,7
https://goodsuite.com/blog/happy-holidays-from-goodsuite-2024/,post,Happy Holidays From GoodSuite!,30,False,Happy Holidays from GoodSuite! May this festive season bring you happiness and a prosperous new year.,101,Happy Holidays From GoodSuite!,1,2,8,0,948,15,0,102,20,https://goodsuite.com/blog/happy-holidays-from-goodsuite-2024/,True,https://goodsuite.com/wp-content/uploads/2024/12/f-6.jpg,False,False,False,96,A,contact,16,False,False,False,True,True,"Article, BreadcrumbList, EntryPoint, ImageObject, ListItem, Organization, Person, PropertyValueSpecification, ReadAction, SearchAction, WebPage, WebSite",False,True,False,True,60,C,Add the city or service area to the title | Add a heading that asks the question the page answers | Add a five-question FAQ marked up as FAQPage | Add LocalBusiness schema with the office address | Add Review or AggregateRating schema from real Google reviews | Add contactPoint or a telephone to the Organization,5
https://goodsuite.com/blog/happy-holidays-from-goodsuite/,post,Happy Holidays from GoodSuite - GoodSuite,41,False,GoodSuite would like to wish you a safe and happy holiday season. We look forward to working with you in 2023.,110,Happy Holidays from GoodSuite,1,2,8,2,911,16,0,104,18,https://goodsuite.com/blog/happy-holidays-from-goodsuite/,True,https://goodsuite.com/wp-content/uploads/2022/12/Screen-Shot-2022-12-27-at-1.40.32-PM.png,False,False,False,96,A,contact,16,False,False,False,True,True,"Article, BreadcrumbList, EntryPoint, ImageObject, ListItem, Organization, Person, PropertyValueSpecification, ReadAction, SearchAction, WebPage, WebSite",False,True,False,True,68,C,Add the city or service area to the title | Add a five-question FAQ marked up as FAQPage | Add LocalBusiness schema with the office address | Add Review or AggregateRating schema from real Google reviews | Add contactPoint or a telephone to the Organization,4
https://goodsuite.com/blog/has-your-cybersecurity-been-assessed-lately/,post,Has your cybersecurity been assessed lately? | GoodSuite,56,False,"Once you set up cybersecurity measures and incorporate practices to protect your information, these elements need to be carefully maintained in order to remain effective against cybercrime. Without the proper upkeep, your network is still left susceptible to the same exact attacks that you thought you were actively preventing.",328,Has your cybersecurity been assessed lately?,1,2,8,1,1026,17,0,104,22,https://goodsuite.com/blog/has-your-cybersecurity-been-assessed-lately/,True,https://goodsuite.com/wp-content/uploads/2022/12/Has-your-cybersecurity-been-assessed-lately.jpg,False,False,False,96,A,contact,16,False,False,False,True,True,"Article, BreadcrumbList, EntryPoint, ImageObject, ListItem, Organization, Person, PropertyValueSpecification, ReadAction, SearchAction, WebPage, WebSite",False,True,False,True,63,C,Add the city or service area to the title | Write a meta description of 70 to 160 characters | Add a five-question FAQ marked up as FAQPage | Add LocalBusiness schema with the office address | Add Review or AggregateRating schema from real Google reviews | Add contactPoint or a telephone to the Organization,5
https://goodsuite.com/blog/hidden-costs-of-unmanaged-printers-copiers-for-businesses/,post,Hidden Costs of Unmanaged Printers & Copiers in Business,56,False,Uncover the hidden costs of unmanaged printers and copiers. Learn how overlooked expenses impact your business and how smart management can save money.,151,Hidden Costs of Unmanaged Printers & Copiers for Businesses,1,2,8,0,1287,14,0,101,20,https://goodsuite.com/blog/hidden-costs-of-unmanaged-printers-copiers-for-businesses/,True,https://goodsuite.com/wp-content/uploads/2025/04/1100x400-good-suites-10.jpg,False,False,False,96,A,contact,16,False,False,False,True,True,"Article, BreadcrumbList, EntryPoint, ImageObject, ListItem, Organization, Person, PropertyValueSpecification, ReadAction, SearchAction, WebPage, WebSite",False,True,False,True,60,C,Add the city or service area to the title | Add a heading that asks the question the page answers | Add a five-question FAQ marked up as FAQPage | Add LocalBusiness schema with the office address | Add Review or AggregateRating schema from real Google reviews | Add contactPoint or a telephone to the Organization,5
https://goodsuite.com/blog/how-file-type-impacts-your-print-jobs/,post,How File Type Impacts Your Print Jobs - GoodSuite,49,False,Choosing the right file type for your print job is crucial to getting the best product for your business. Here's how to choose.,127,How File Type Impacts Your Print Jobs,1,3,8,2,839,16,0,102,19,https://goodsuite.com/blog/how-file-type-impacts-your-print-jobs/,True,https://goodsuite.com/wp-content/uploads/2019/11/left-profile-open.png,False,False,False,96,A,contact,16,False,False,False,True,True,"Article, BreadcrumbList, EntryPoint, ImageObject, ListItem, Organization, Person, PropertyValueSpecification, ReadAction, SearchAction, WebPage, WebSite",False,True,False,True,68,C,Add the city or service area to the title | Add a five-question FAQ marked up as FAQPage | Add LocalBusiness schema with the office address | Add Review or AggregateRating schema from real Google reviews | Add contactPoint or a telephone to the Organization,4
https://goodsuite.com/blog/how-law-firms-reduce-printing-costs-with-managed-print-services/,post,How Law Firms Cut Printing Costs with Managed Print Services,60,False,"Discover how law firms save money with managed print services. Reduce waste, improve efficiency, and streamline document management effortlessly.",145,How Law Firms Reduce Printing Costs with Managed Print Services,1,2,8,2,1464,15,0,103,22,https://goodsuite.com/blog/how-law-firms-reduce-printing-costs-with-managed-print-services/,True,https://goodsuite.com/wp-content/uploads/2025/02/f-11.jpg,False,False,True,96,A,contact,16,False,False,False,True,True,"Article, BreadcrumbList, EntryPoint, ImageObject, ListItem, Organization, Person, PropertyValueSpecification, ReadAction, SearchAction, WebPage, WebSite",False,True,False,True,68,C,Add the city or service area to the title | Add a five-question FAQ marked up as FAQPage | Add LocalBusiness schema with the office address | Add Review or AggregateRating schema from real Google reviews | Add contactPoint or a telephone to the Organization,4
https://goodsuite.com/blog/how-managed-it-services-benefit-small-business/,post,How Managed IT Services Benefit Small Business - GoodSuite,58,False,"Discover how managed IT services benefit small businesses by reducing costs, improving security, and boosting productivity.",123,How Managed IT Services Benefit Small Business,1,2,8,4,1580,17,0,105,21,https://goodsuite.com/blog/how-managed-it-services-benefit-small-business/,True,https://goodsuite.com/wp-content/uploads/2024/09/01-2.jpg,False,False,True,96,A,contact,16,False,False,False,True,True,"Article, BreadcrumbList, EntryPoint, ImageObject, ListItem, Organization, Person, PropertyValueSpecification, ReadAction, SearchAction, WebPage, WebSite",False,True,False,True,68,C,Add the city or service area to the title | Add a five-question FAQ marked up as FAQPage | Add LocalBusiness schema with the office address | Add Review or AggregateRating schema from real Google reviews | Add contactPoint or a telephone to the Organization,4
https://goodsuite.com/blog/how-managed-it-services-can-boost-your-business-in-2022/,post,How Managed IT Services Can Boost Your Business in 2022,55,False,"For businesses of all different sizes, managed IT services can provide the assistance you need to succeed and thrive. Whether you’re a small business without any current IT staff or a larger company with tech support who needs to prioritize more important projects, outsourcing your IT help can be extremely beneficial to your workplace as a whole.",348,How Managed IT Services Can Boost Your Business in 2022,1,2,8,1,1272,15,0,101,22,https://goodsuite.com/blog/how-managed-it-services-can-boost-your-business-in-2022/,True,https://goodsuite.com/wp-content/uploads/2022/09/How-Managed-IT-Services.jpg,False,False,False,96,A,contact,16,False,False,False,True,True,"Article, BreadcrumbList, EntryPoint, ImageObject, ListItem, Organization, Person, PropertyValueSpecification, ReadAction, SearchAction, WebPage, WebSite",False,True,False,True,63,C,Add the city or service area to the title | Write a meta description of 70 to 160 characters | Add a five-question FAQ marked up as FAQPage | Add LocalBusiness schema with the office address | Add Review or AggregateRating schema from real Google reviews | Add contactPoint or a telephone to the Organization,5
https://goodsuite.com/blog/how-managed-print-services-reduce-costs-for-smbs/,post,How Managed Print Services Can Reduce Costs for SMBs,52,False,"Learn how managed print services help SMBs cut costs by optimizing printing workflows, improving efficiency, and reducing waste. Discover cost-saving solutions today.",166,How Managed Print Services Reduce Costs for SMBs,1,2,8,2,1268,16,0,104,21,https://goodsuite.com/blog/how-managed-print-services-reduce-costs-for-smbs/,True,https://goodsuite.com/wp-content/uploads/2025/03/1100x400-good-suites-5.jpg,False,False,False,96,A,contact,16,False,False,False,True,True,"Article, BreadcrumbList, EntryPoint, ImageObject, ListItem, Organization, Person, PropertyValueSpecification, ReadAction, SearchAction, WebPage, WebSite",False,True,False,True,63,C,Add the city or service area to the title | Write a meta description of 70 to 160 characters | Add a five-question FAQ marked up as FAQPage | Add LocalBusiness schema with the office address | Add Review or AggregateRating schema from real Google reviews | Add contactPoint or a telephone to the Organization,5
https://goodsuite.com/blog/how-print-services-can-upgrade-your-business-efficiency/,post,How Print Services Can Upgrade Your Business' Efficiency,56,False,"Use advanced print services to increase the productivity of your company. Find methods to improve production, reduce expenses, and streamline processes.",152,How Print Services Can Upgrade Your Business’ Efficiency,1,2,8,3,1286,15,0,102,21,https://goodsuite.com/blog/how-print-services-can-upgrade-your-business-efficiency/,True,https://goodsuite.com/wp-content/uploads/2024/01/How-Print-Services-Can-Upgrade-Your-Business-Efficiency.jpg,False,False,False,90,A,"contact, clean",16,False,False,False,True,True,"Article, BreadcrumbList, EntryPoint, ImageObject, ListItem, Organization, Person, PropertyValueSpecification, ReadAction, SearchAction, WebPage, WebSite",False,True,False,True,68,C,Add the city or service area to the title | Add a five-question FAQ marked up as FAQPage | Add LocalBusiness schema with the office address | Add Review or AggregateRating schema from real Google reviews | Add contactPoint or a telephone to the Organization | Remove empty and placeholder values from the markup,4
https://goodsuite.com/blog/how-printer-services-improve-your-business/,post,How Printer Services Improve Your Business? - GoodSuite,55,False,Improve your business operations with efficient printer services. Find out how managed print solutions can save you time and money. Read our blog post now!,155,How Printer Services Improve Your Business,1,2,8,3,1031,16,0,102,20,https://goodsuite.com/blog/how-printer-services-improve-your-business/,True,https://goodsuite.com/wp-content/uploads/2023/03/What-are-managed-print-services.jpg,False,False,True,96,A,contact,16,False,False,False,True,True,"Article, BreadcrumbList, EntryPoint, ImageObject, ListItem, Organization, Person, PropertyValueSpecification, ReadAction, SearchAction, WebPage, WebSite",False,True,False,True,68,C,Add the city or service area to the title | Add a five-question FAQ marked up as FAQPage | Add LocalBusiness schema with the office address | Add Review or AggregateRating schema from real Google reviews | Add contactPoint or a telephone to the Organization,4
https://goodsuite.com/blog/how-printing-colors-impact-your-business/,post,How Printing Colors Impact Your Business - GoodSuite,52,False,Printing bright colors to highlight your business is the oldest marketing trick in the book. You want your business to stand out!,129,How Printing Colors Impact Your Business,1,3,9,4,834,16,0,102,21,https://goodsuite.com/blog/how-printing-colors-impact-your-business/,True,https://goodsuite.com/wp-content/uploads/2020/09/Multifunction-Printers.png,False,False,False,96,A,contact,16,False,False,False,True,True,"Article, BreadcrumbList, EntryPoint, ImageObject, ListItem, Organization, Person, PropertyValueSpecification, ReadAction, SearchAction, WebPage, WebSite",False,True,False,True,68,C,Add the city or service area to the title | Add a five-question FAQ marked up as FAQPage | Add LocalBusiness schema with the office address | Add Review or AggregateRating schema from real Google reviews | Add contactPoint or a telephone to the Organization,4
https://goodsuite.com/blog/how-the-right-printer-can-benefit-your-automotive-business/,post,How the Right Printer Can Benefit Your Automotive Business,58,False,Learn how the right printer can boost productivity in your automotive business by delivering high-quality prints quickly and efficiently.,137,How the Right Printer Can Benefit Your Automotive Business,1,2,8,3,1183,17,0,104,23,https://goodsuite.com/blog/how-the-right-printer-can-benefit-your-automotive-business/,True,https://goodsuite.com/wp-content/uploads/2024/09/How-the-Right-Printer-Can-Benefit-Your-Automotive-Business.jpg,False,False,True,96,A,contact,16,False,False,False,True,True,"Article, BreadcrumbList, EntryPoint, ImageObject, ListItem, Organization, Person, PropertyValueSpecification, ReadAction, SearchAction, WebPage, WebSite",False,True,False,True,68,C,Add the city or service area to the title | Add a five-question FAQ marked up as FAQPage | Add LocalBusiness schema with the office address | Add Review or AggregateRating schema from real Google reviews | Add contactPoint or a telephone to the Organization,4
https://goodsuite.com/blog/how-to-avoid-ransomware/,post,How to Avoid Ransomware,23,False,Protect your digital assets against ransomware using our expert Goodsuite advice. Take proactive steps to keep yourself safe. Don't risk losing valuable data,157,How to Avoid Ransomware,1,2,8,2,1572,15,0,102,21,https://goodsuite.com/blog/how-to-avoid-ransomware/,True,https://goodsuite.com/wp-content/uploads/2024/05/How-to-Avoid-Ransomware.jpg,False,False,False,96,A,contact,16,False,False,False,True,True,"Article, BreadcrumbList, EntryPoint, ImageObject, ListItem, Organization, Person, PropertyValueSpecification, ReadAction, SearchAction, WebPage, WebSite",False,True,False,True,63,C,Rewrite the title to 30 to 60 characters | Add the city or service area to the title | Add a five-question FAQ marked up as FAQPage | Add LocalBusiness schema with the office address | Add Review or AggregateRating schema from real Google reviews | Add contactPoint or a telephone to the Organization,5
https://goodsuite.com/blog/how-to-choose-the-right-printers-copiers-for-your-business/,post,How to Choose the Right Printers & Copiers for Your Business,60,False,"Learn how to choose the right printers and copiers for your business. Find reliable, cost-effective solutions to boost productivity.",132,How to Choose the Right Printers & Copiers for Your Business,1,2,8,3,1295,18,0,104,20,https://goodsuite.com/blog/how-to-choose-the-right-printers-copiers-for-your-business/,True,https://goodsuite.com/wp-content/uploads/2024/11/featured-3.jpg,False,False,True,96,A,contact,16,False,False,False,True,True,"Article, BreadcrumbList, EntryPoint, ImageObject, ListItem, Organization, Person, PropertyValueSpecification, ReadAction, SearchAction, WebPage, WebSite",False,True,False,True,68,C,Add the city or service area to the title | Add a five-question FAQ marked up as FAQPage | Add LocalBusiness schema with the office address | Add Review or AggregateRating schema from real Google reviews | Add contactPoint or a telephone to the Organization,4
https://goodsuite.com/blog/how-to-create-a-cybersecurity-employee-training-program/,post,How to Create a Cybersecurity Employee Training Program,55,False,"Learn how to create a cybersecurity employee training program that helps prevent phishing, ransomware, and data breaches.",121,How to Successfully Create a Cybersecurity Employee Training Program,1,13,21,6,1840,17,0,105,23,https://goodsuite.com/blog/how-to-create-a-cybersecurity-employee-training-program/,True,https://goodsuite.com/wp-content/uploads/2026/05/AdobeStock_809218790.jpeg,True,False,True,87,A,"contact, dates",16,False,False,False,True,True,"Article, BreadcrumbList, EntryPoint, ImageObject, ListItem, Organization, Person, PropertyValueSpecification, ReadAction, SearchAction, WebPage, WebSite",False,True,False,True,66,C,Add the city or service area to the title | Add a five-question FAQ marked up as FAQPage | Add LocalBusiness schema with the office address | Add Review or AggregateRating schema from real Google reviews | Set a branded share image (og:image) | Add contactPoint or a telephone to the Organization | Add datePublished and dateModified,5
https://goodsuite.com/blog/how-to-educate-your-employees-on-online-safety/,post,How to Educate Your Employees on Online Safety | GoodSuite,58,False,Give your team some internet safety advice by using our GoodSuite's guide. Discover how to properly defend your company against cyberattacks. Check our blog!,157,How to Educate Your Employees on Online Safety,1,2,8,3,1382,17,0,104,22,https://goodsuite.com/blog/how-to-educate-your-employees-on-online-safety/,True,https://goodsuite.com/wp-content/uploads/2024/06/How-to-Educate-Your-Employees-on-Online-Safety.jpg,False,False,False,90,A,"contact, clean",16,False,False,False,True,True,"Article, BreadcrumbList, EntryPoint, ImageObject, ListItem, Organization, Person, PropertyValueSpecification, ReadAction, SearchAction, WebPage, WebSite",False,True,False,True,68,C,Add the city or service area to the title | Add a five-question FAQ marked up as FAQPage | Add LocalBusiness schema with the office address | Add Review or AggregateRating schema from real Google reviews | Add contactPoint or a telephone to the Organization | Remove empty and placeholder values from the markup,4
https://goodsuite.com/blog/how-to-find-the-right-cybersecurity-solutions-for-your-business/,post,How to Find the Right Cybersecurity Solutions for Your Business?,64,False,Explore expert advice on finding cybersecurity solutions tailored for your business needs. Protect your digital assets effectively. Let's get start today!,154,How to Find the Right Cybersecurity Solutions for Your Business,1,2,8,1,1133,16,0,104,21,https://goodsuite.com/blog/how-to-find-the-right-cybersecurity-solutions-for-your-business/,True,https://goodsuite.com/wp-content/uploads/2023/09/cyber-security.jpg,False,False,False,96,A,contact,16,False,False,False,True,True,"Article, BreadcrumbList, EntryPoint, ImageObject, ListItem, Organization, Person, PropertyValueSpecification, ReadAction, SearchAction, WebPage, WebSite",False,True,False,True,63,C,Rewrite the title to 30 to 60 characters | Add the city or service area to the title | Add a five-question FAQ marked up as FAQPage | Add LocalBusiness schema with the office address | Add Review or AggregateRating schema from real Google reviews | Add contactPoint or a telephone to the Organization,5
https://goodsuite.com/blog/how-to-find-the-right-fresno-printers-for-your-business/,post,How to Find the Right Fresno Printers for Your Business,55,True,Choosing the right Fresno printers for your business is key. Our guide provides expert advice on finding the best printing services near you.,141,How to Find the Right Fresno Printers for Your Business,1,2,8,2,1333,15,0,102,21,https://goodsuite.com/blog/how-to-find-the-right-fresno-printers-for-your-business/,True,https://goodsuite.com/wp-content/uploads/2024/10/featured-1.jpg,False,False,False,96,A,contact,16,False,False,False,True,True,"Article, BreadcrumbList, EntryPoint, ImageObject, ListItem, Organization, Person, PropertyValueSpecification, ReadAction, SearchAction, WebPage, WebSite",False,True,False,True,76,B,Add a five-question FAQ marked up as FAQPage | Add LocalBusiness schema with the office address | Add Review or AggregateRating schema from real Google reviews | Add contactPoint or a telephone to the Organization,3
https://goodsuite.com/blog/how-to-find-the-right-printer-for-your-business/,post,How To Find The Right Printer for Your Business - GoodSuite,59,False,"In this blog, we discuss how to find the right printer for your business. The best printer that can conserve resources and give efficiency. Connect with us!",156,How to Find the Right Printer for Your Business,1,3,8,3,1665,17,0,104,22,https://goodsuite.com/blog/how-to-find-the-right-printer-for-your-business/,True,https://goodsuite.com/wp-content/uploads/2024/03/How-to-Find-the-Right-Printer-for-Your-Business-01.jpg,False,False,True,96,A,contact,16,False,False,False,True,True,"Article, BreadcrumbList, EntryPoint, ImageObject, ListItem, Organization, Person, PropertyValueSpecification, ReadAction, SearchAction, WebPage, WebSite",False,True,False,True,68,C,Add the city or service area to the title | Add a five-question FAQ marked up as FAQPage | Add LocalBusiness schema with the office address | Add Review or AggregateRating schema from real Google reviews | Add contactPoint or a telephone to the Organization,4
https://goodsuite.com/blog/how-to-improve-your-business-productivity/,post,How to Improve Your Business Productivity - GoodSuite,53,False,Improving your business productivity is a must for success if you wish to continue to grow. Here are some suggestions on how.,125,How to Improve Your Business Productivity,1,3,10,4,810,16,0,102,21,https://goodsuite.com/blog/how-to-improve-your-business-productivity/,True,https://goodsuite.com/wp-content/uploads/2021/10/selective-focus-of-excited-multicultural-businessw-2021-08-30-02-15-56-utc-scaled.jpg,False,False,False,96,A,contact,16,False,False,False,True,True,"Article, BreadcrumbList, EntryPoint, ImageObject, ListItem, Organization, Person, PropertyValueSpecification, ReadAction, SearchAction, WebPage, WebSite",False,True,False,True,68,C,Add the city or service area to the title | Add a five-question FAQ marked up as FAQPage | Add LocalBusiness schema with the office address | Add Review or AggregateRating schema from real Google reviews | Add contactPoint or a telephone to the Organization,4
https://goodsuite.com/blog/how-to-keep-your-business-from-the-dark-web/,post,Cybersecurity Tips: Protect Your Business from the Dark Web,59,False,"Safeguard your business from dark web risks with proactive monitoring, strong cybersecurity, and secure handling of sensitive data.",131,How to Keep Your Business from the Dark Web,1,2,8,3,1129,15,0,101,23,https://goodsuite.com/blog/how-to-keep-your-business-from-the-dark-web/,True,https://goodsuite.com/wp-content/uploads/2023/06/GOODSUITE-How-to-Keep-Your-Business-From-the-Dark-Web.jpg,False,False,True,96,A,contact,16,False,False,False,True,True,"Article, BreadcrumbList, EntryPoint, ImageObject, ListItem, Organization, Person, PropertyValueSpecification, ReadAction, SearchAction, WebPage, WebSite",False,True,False,True,68,C,Add the city or service area to the title | Add a five-question FAQ marked up as FAQPage | Add LocalBusiness schema with the office address | Add Review or AggregateRating schema from real Google reviews | Add contactPoint or a telephone to the Organization,4
https://goodsuite.com/blog/how-to-keep-your-business-safe-from-hackers/,post,How to Keep Your Business Safe From Hackers - GoodSuite,55,False,Cybersecurity is one of the biggest needs in our time. Here are some ways that you can keep your business safe from hackers.,124,How to Keep Your Business Safe From Hackers,1,2,8,1,887,14,0,100,25,https://goodsuite.com/blog/how-to-keep-your-business-safe-from-hackers/,True,https://goodsuite.com/wp-content/uploads/2021/11/AdobeStock_292990563.jpeg,True,False,False,96,A,contact,16,False,False,False,True,True,"Article, BreadcrumbList, EntryPoint, ImageObject, ListItem, Organization, Person, PropertyValueSpecification, ReadAction, SearchAction, WebPage, WebSite",False,True,False,True,66,C,Add the city or service area to the title | Add a five-question FAQ marked up as FAQPage | Add LocalBusiness schema with the office address | Add Review or AggregateRating schema from real Google reviews | Set a branded share image (og:image) | Add contactPoint or a telephone to the Organization,5
https://goodsuite.com/blog/how-to-keep-your-business-safe-from-phishing-scams/,post,How to Keep Your Business Safe From Phishing Scams - GoodSuite,62,False,Is your business vulnerable? Keep your business safe from predatory phishing scams by following these few suggestions.,118,How to Keep Your Business Safe From Phishing Scams,1,2,8,2,838,16,0,102,19,https://goodsuite.com/blog/how-to-keep-your-business-safe-from-phishing-scams/,True,https://goodsuite.com/wp-content/uploads/2021/09/ventura-inner-banner.jpg,False,False,False,96,A,contact,16,False,False,False,True,True,"Article, BreadcrumbList, EntryPoint, ImageObject, ListItem, Organization, Person, PropertyValueSpecification, ReadAction, SearchAction, WebPage, WebSite",False,True,False,True,63,C,Rewrite the title to 30 to 60 characters | Add the city or service area to the title | Add a five-question FAQ marked up as FAQPage | Add LocalBusiness schema with the office address | Add Review or AggregateRating schema from real Google reviews | Add contactPoint or a telephone to the Organization,5
https://goodsuite.com/blog/how-to-keep-your-offices-copier-running-smoothly/,post,How to Keep Your Offices’ Copier Running Smoothly - GoodSuite,61,False,Tired of wasting time trying to troubleshoot your offices' copier? Here are some quick tips to keep it running the way it should.,129,How to Keep Your Offices’ Copier Running Smoothly,1,3,9,3,848,16,0,102,20,https://goodsuite.com/blog/how-to-keep-your-offices-copier-running-smoothly/,True,https://goodsuite.com/wp-content/uploads/2021/06/easy-to-use.png,False,False,False,96,A,contact,16,False,False,False,True,True,"Article, BreadcrumbList, EntryPoint, ImageObject, ListItem, Organization, Person, PropertyValueSpecification, ReadAction, SearchAction, WebPage, WebSite",False,True,False,True,63,C,Rewrite the title to 30 to 60 characters | Add the city or service area to the title | Add a five-question FAQ marked up as FAQPage | Add LocalBusiness schema with the office address | Add Review or AggregateRating schema from real Google reviews | Add contactPoint or a telephone to the Organization,5
https://goodsuite.com/blog/how-to-keep-your-print-environment-hipaa-compliant/,post,How to Keep Your Print Environment HIPAA Compliant,50,False,"Ensure your print environment meets HIPAA standards. Learn key steps to protect patient data, avoid violations, and maintain secure healthcare printing practices.",162,How to Keep Your Print Environment HIPAA Compliant,1,2,8,1,1260,15,0,102,20,https://goodsuite.com/blog/how-to-keep-your-print-environment-hipaa-compliant/,True,https://goodsuite.com/wp-content/uploads/2025/04/1100x400-good-suites-9.jpg,False,False,False,96,A,contact,16,False,False,False,True,True,"Article, BreadcrumbList, EntryPoint, ImageObject, ListItem, Organization, Person, PropertyValueSpecification, ReadAction, SearchAction, WebPage, WebSite",False,True,False,True,63,C,Add the city or service area to the title | Write a meta description of 70 to 160 characters | Add a five-question FAQ marked up as FAQPage | Add LocalBusiness schema with the office address | Add Review or AggregateRating schema from real Google reviews | Add contactPoint or a telephone to the Organization,5
https://goodsuite.com/blog/how-to-know-if-you-have-the-best-copier-for-businesses/,post,How to Know if You Have the Best Copier for Businesses,54,False,"This comprehensive guide aims to simplify this process, offering key insights and factors to consider ensuring you make an informed decision. Learn more today!",159,How to Know if You Have the Best Copier for Businesses,1,2,8,2,1352,17,0,105,21,https://goodsuite.com/blog/how-to-know-if-you-have-the-best-copier-for-businesses/,True,https://goodsuite.com/wp-content/uploads/2024/02/How-to-Know-if-You-Have-the-Best-Copier-for-Businesses.jpg,False,False,True,96,A,contact,16,False,False,False,True,True,"Article, BreadcrumbList, EntryPoint, ImageObject, ListItem, Organization, Person, PropertyValueSpecification, ReadAction, SearchAction, WebPage, WebSite",False,True,False,True,68,C,Add the city or service area to the title | Add a five-question FAQ marked up as FAQPage | Add LocalBusiness schema with the office address | Add Review or AggregateRating schema from real Google reviews | Add contactPoint or a telephone to the Organization,4
https://goodsuite.com/blog/how-to-manage-your-business-it-needs/,post,How to Manage Your Business IT Needs?,37,False,"Learn how to effectively manage your business IT needs with strategies for security, efficiency, and cost savings.",114,How to Manage Your Business IT Needs,1,2,8,2,1316,15,0,101,25,https://goodsuite.com/blog/how-to-manage-your-business-it-needs/,True,https://goodsuite.com/wp-content/uploads/2023/05/How-to-Manage-Your-Business-IT-1.jpg,False,False,True,96,A,contact,16,False,False,False,True,True,"Article, BreadcrumbList, EntryPoint, ImageObject, ListItem, Organization, Person, PropertyValueSpecification, ReadAction, SearchAction, WebPage, WebSite",False,True,False,True,68,C,Add the city or service area to the title | Add a five-question FAQ marked up as FAQPage | Add LocalBusiness schema with the office address | Add Review or AggregateRating schema from real Google reviews | Add contactPoint or a telephone to the Organization,4
https://goodsuite.com/blog/how-to-maximize-your-print-fleets-roi/,post,How to Maximize Your Print Fleet's ROI - GoodSuite,50,False,Learn how to maximize your print fleet's ROI with effective strategies to reduce costs and boost productivity.,110,How to Maximize Your Print Fleet’s ROI,1,2,8,2,1315,18,0,105,19,https://goodsuite.com/blog/how-to-maximize-your-print-fleets-roi/,True,https://goodsuite.com/wp-content/uploads/2025/06/f-17.jpg,False,False,False,96,A,contact,16,False,False,False,True,True,"Article, BreadcrumbList, EntryPoint, ImageObject, ListItem, Organization, Person, PropertyValueSpecification, ReadAction, SearchAction, WebPage, WebSite",False,True,False,True,68,C,Add the city or service area to the title | Add a five-question FAQ marked up as FAQPage | Add LocalBusiness schema with the office address | Add Review or AggregateRating schema from real Google reviews | Add contactPoint or a telephone to the Organization,4
https://goodsuite.com/blog/how-to-pick-the-right-printer-for-your-business/,post,How to Pick the Right Printer for Your Business | GoodSuite,59,False,"This article aims to guide you through the process of selecting the most suitable printer, considering factors such as printing volume, print quality, etc.",155,How to Pick the Right Printer for Your Business,1,2,8,2,1620,16,0,102,21,https://goodsuite.com/blog/how-to-pick-the-right-printer-for-your-business/,True,https://goodsuite.com/wp-content/uploads/2023/06/GoodSuite-How-to-Pick-the-Right-Printer-for-Your-Business.jpg,False,False,False,96,A,contact,16,False,False,False,True,True,"Article, BreadcrumbList, EntryPoint, ImageObject, ListItem, Organization, Person, PropertyValueSpecification, ReadAction, SearchAction, WebPage, WebSite",False,True,False,True,68,C,Add the city or service area to the title | Add a five-question FAQ marked up as FAQPage | Add LocalBusiness schema with the office address | Add Review or AggregateRating schema from real Google reviews | Add contactPoint or a telephone to the Organization,4
https://goodsuite.com/blog/how-to-protect-small-businesses-from-cyber-attacks/,post,How to Protect Small Businesses from Cyber Attacks?,51,False,Protect Small Businesses from Cyber Attacks with follow these practical steps to strengthen your cybersecurity and avoid breaches.,130,How to Protect Small Businesses from Cyber Attacks,1,2,8,1,1146,16,0,102,24,https://goodsuite.com/blog/how-to-protect-small-businesses-from-cyber-attacks/,True,https://goodsuite.com/wp-content/uploads/2023/06/GoodSuite-How-to-Protect-Small-Businesses-From-Cyber-Attacks.jpg,False,False,True,96,A,contact,16,False,False,False,True,True,"Article, BreadcrumbList, EntryPoint, ImageObject, ListItem, Organization, Person, PropertyValueSpecification, ReadAction, SearchAction, WebPage, WebSite",False,True,False,True,68,C,Add the city or service area to the title | Add a five-question FAQ marked up as FAQPage | Add LocalBusiness schema with the office address | Add Review or AggregateRating schema from real Google reviews | Add contactPoint or a telephone to the Organization,4
https://goodsuite.com/blog/how-to-protect-your-company-from-cyber-attacks/,post,How to Protect Your Company from Cyber Attacks - GoodSuite,58,False,Cyber attacks are a constant threat to business security and productivity. Here is what you can do to prevent it.,113,How to Protect Your Company from Cyber Attacks,1,3,9,3,850,15,0,101,21,https://goodsuite.com/blog/how-to-protect-your-company-from-cyber-attacks/,True,https://goodsuite.com/wp-content/uploads/2020/09/Managed-VoIP.jpg,False,False,False,90,A,"contact, clean",16,False,False,False,True,True,"Article, BreadcrumbList, EntryPoint, ImageObject, ListItem, Organization, Person, PropertyValueSpecification, ReadAction, SearchAction, WebPage, WebSite",False,True,False,True,68,C,Add the city or service area to the title | Add a five-question FAQ marked up as FAQPage | Add LocalBusiness schema with the office address | Add Review or AggregateRating schema from real Google reviews | Add contactPoint or a telephone to the Organization | Remove empty and placeholder values from the markup,4
https://goodsuite.com/blog/how-to-secure-your-business-cyber-network/,post,How to Secure Your Business' Cyber Network - GoodSuite,54,False,"In this blog, we are discussing how to secure your business' cyber network. Security is one of the main component of any business and it is to be protected.",156,How to Secure Your Business’ Cyber Network,1,2,8,2,1162,17,0,103,22,https://goodsuite.com/blog/how-to-secure-your-business-cyber-network/,True,https://goodsuite.com/wp-content/uploads/2024/03/How-to-Secure-Your-Business-Cyber-Network.jpg,False,False,False,96,A,contact,16,False,False,False,True,True,"Article, BreadcrumbList, EntryPoint, ImageObject, ListItem, Organization, Person, PropertyValueSpecification, ReadAction, SearchAction, WebPage, WebSite",False,True,False,True,68,C,Add the city or service area to the title | Add a five-question FAQ marked up as FAQPage | Add LocalBusiness schema with the office address | Add Review or AggregateRating schema from real Google reviews | Add contactPoint or a telephone to the Organization,4
https://goodsuite.com/blog/how-to-upgrade-your-business-efficiency-in-2022/,post,How to Upgrade Your Business’ Efficiency in 2022 - GoodSuite,60,False,Wondering how to drum up new business in 2022? Or how to run an overall more efficient business? Here are some things to consider.,130,How to Upgrade Your Business’ Efficiency in 2022,1,3,9,3,812,17,0,103,21,https://goodsuite.com/blog/how-to-upgrade-your-business-efficiency-in-2022/,True,https://goodsuite.com/wp-content/uploads/2021/10/group-of-successful-multiethnic-business-team-2021-10-20-18-08-35-utc-e1635286817394-scaled.jpg,False,False,False,96,A,contact,16,False,False,False,True,True,"Article, BreadcrumbList, EntryPoint, ImageObject, ListItem, Organization, Person, PropertyValueSpecification, ReadAction, SearchAction, WebPage, WebSite",False,True,False,True,68,C,Add the city or service area to the title | Add a five-question FAQ marked up as FAQPage | Add LocalBusiness schema with the office address | Add Review or AggregateRating schema from real Google reviews | Add contactPoint or a telephone to the Organization,4
https://goodsuite.com/blog/how-to-upgrade-your-business-tech/,post,How to Upgrade Your Business Tech - GoodSuite,45,False,"Upgrade your office technology with the help of our in-depth guide. Discover useful techniques to improve efficiency, security, and productivity. Contact now!",158,How to Upgrade Your Business Tech,1,2,8,1,1648,17,0,103,25,https://goodsuite.com/blog/how-to-upgrade-your-business-tech/,True,https://goodsuite.com/wp-content/uploads/2024/04/How-to-Upgrade-Your-Business-Tech-01.jpg,False,False,False,96,A,contact,16,False,False,False,True,True,"Article, BreadcrumbList, EntryPoint, ImageObject, ListItem, Organization, Person, PropertyValueSpecification, ReadAction, SearchAction, WebPage, WebSite",False,True,False,True,68,C,Add the city or service area to the title | Add a five-question FAQ marked up as FAQPage | Add LocalBusiness schema with the office address | Add Review or AggregateRating schema from real Google reviews | Add contactPoint or a telephone to the Organization,4
https://goodsuite.com/blog/how-to-use-it-services-to-empower-your-remote-workforce/,post,How to Use IT Services to Empower Your Remote Workforce,55,False,"Enhance your remote workforce with IT services. Discover how to boost productivity, collaboration, and security. Explore more strategies at GoodSuite now!",154,How to Use IT Services to Empower Your Remote Workforce,1,2,8,3,1529,15,0,102,21,https://goodsuite.com/blog/how-to-use-it-services-to-empower-your-remote-workforce/,True,https://goodsuite.com/wp-content/uploads/2023/10/How-Use-IT-Services-to-Empower-Your-Remote-Workforce.jpg,False,False,True,96,A,contact,16,False,False,False,True,True,"Article, BreadcrumbList, EntryPoint, ImageObject, ListItem, Organization, Person, PropertyValueSpecification, ReadAction, SearchAction, WebPage, WebSite",False,True,False,True,68,C,Add the city or service area to the title | Add a five-question FAQ marked up as FAQPage | Add LocalBusiness schema with the office address | Add Review or AggregateRating schema from real Google reviews | Add contactPoint or a telephone to the Organization,4
https://goodsuite.com/blog/how-to-use-qr-codes-effectively-in-your-print-materials/,post,How to Use QR Codes Effectively in Your Print Materials - GoodSuite,67,False,"QR codes: we’ve all seen or heard of them, but how can you be sure that you are using them effectively? Read on to learn more.",126,How to Use QR Codes Effectively in Your Print Materials,1,2,8,1,945,15,0,101,22,https://goodsuite.com/blog/how-to-use-qr-codes-effectively-in-your-print-materials/,True,https://goodsuite.com/wp-content/uploads/2021/12/Screen-Shot-2021-12-05-at-5.59.43-PM.png,False,False,False,96,A,contact,16,False,False,False,True,True,"Article, BreadcrumbList, EntryPoint, ImageObject, ListItem, Organization, Person, PropertyValueSpecification, ReadAction, SearchAction, WebPage, WebSite",False,True,False,True,63,C,Rewrite the title to 30 to 60 characters | Add the city or service area to the title | Add a five-question FAQ marked up as FAQPage | Add LocalBusiness schema with the office address | Add Review or AggregateRating schema from real Google reviews | Add contactPoint or a telephone to the Organization,5
https://goodsuite.com/blog/how-your-printing-can-change-your-brand-appeal/,post,How Your Printing Can Change Your Brand Appeal - GoodSuite,58,False,How can you make sure that your brand stands out? The use of color in your printing campaigns can make a big difference.,120,How Your Printing Can Change Your Brand Appeal,1,2,8,1,822,17,0,105,22,https://goodsuite.com/blog/how-your-printing-can-change-your-brand-appeal/,True,https://goodsuite.com/wp-content/uploads/2021/11/AdobeStock_1855295528.jpeg,True,False,False,96,A,contact,16,False,False,False,True,True,"Article, BreadcrumbList, EntryPoint, ImageObject, ListItem, Organization, Person, PropertyValueSpecification, ReadAction, SearchAction, WebPage, WebSite",False,True,False,True,66,C,Add the city or service area to the title | Add a five-question FAQ marked up as FAQPage | Add LocalBusiness schema with the office address | Add Review or AggregateRating schema from real Google reviews | Set a branded share image (og:image) | Add contactPoint or a telephone to the Organization,5
https://goodsuite.com/blog/hybrid-work-security-how-to-protect-your-business/,post,Hybrid Work Security: How to Protect Your Business,50,False,"Get expert guidance on protecting your business in a hybrid work model, including data security, device management, and safe remote access. Read more now!",154,Hybrid Work Security: How to Protect Your Business,1,2,8,0,1306,17,0,103,20,https://goodsuite.com/blog/hybrid-work-security-how-to-protect-your-business/,True,https://goodsuite.com/wp-content/uploads/2023/04/Hybrid-Work-1.jpg,False,False,False,96,A,contact,16,False,False,False,True,True,"Article, BreadcrumbList, EntryPoint, ImageObject, ListItem, Organization, Person, PropertyValueSpecification, ReadAction, SearchAction, WebPage, WebSite",False,True,False,True,60,C,Add the city or service area to the title | Add a heading that asks the question the page answers | Add a five-question FAQ marked up as FAQPage | Add LocalBusiness schema with the office address | Add Review or AggregateRating schema from real Google reviews | Add contactPoint or a telephone to the Organization,5
https://goodsuite.com/blog/increased-hipaa-audits-in-2025-is-your-print-and-cybersecurity-up-to-date/,post,Increased HIPAA Audits in 2025: Is Your Print and Cybersecurity Up to Date? - GoodSuite,87,False,Are you prepared for Increased HIPAA Audits in 2025? Update your print and cybersecurity practices to stay compliant.,117,Increased HIPAA Audits in 2025: Is Your Print and Cybersecurity Up to Date?,1,2,8,3,1454,18,0,104,22,https://goodsuite.com/blog/increased-hipaa-audits-in-2025-is-your-print-and-cybersecurity-up-to-date/,True,https://goodsuite.com/wp-content/uploads/2025/06/f-16.jpg,False,False,True,96,A,contact,16,False,False,False,True,True,"Article, BreadcrumbList, EntryPoint, ImageObject, ListItem, Organization, Person, PropertyValueSpecification, ReadAction, SearchAction, WebPage, WebSite",False,True,False,True,63,C,Rewrite the title to 30 to 60 characters | Add the city or service area to the title | Add a five-question FAQ marked up as FAQPage | Add LocalBusiness schema with the office address | Add Review or AggregateRating schema from real Google reviews | Add contactPoint or a telephone to the Organization,5
https://goodsuite.com/blog/it-skills-gap-cost-smbs/,post,The IT Skills Gap Is Costing You More Than You Think - GoodSuite,64,False,"The IT skills gap is costing SMBs time, money, and growth. Learn the hidden risks, real business impact, and practical ways to close the gap.",141,The IT Skills Gap Is Costing You More Than You Think,1,11,8,6,1982,19,0,108,24,https://goodsuite.com/blog/it-skills-gap-cost-smbs/,True,https://goodsuite.com/wp-content/uploads/2026/04/AdobeStock_473232174.jpeg,True,False,True,96,A,contact,16,False,False,False,True,True,"Article, BreadcrumbList, EntryPoint, ImageObject, ListItem, Organization, Person, PropertyValueSpecification, ReadAction, SearchAction, WebPage, WebSite",False,True,False,True,61,C,Rewrite the title to 30 to 60 characters | Add the city or service area to the title | Add a five-question FAQ marked up as FAQPage | Add LocalBusiness schema with the office address | Add Review or AggregateRating schema from real Google reviews | Set a branded share image (og:image) | Add contactPoint or a telephone to the Organization,6
https://goodsuite.com/blog/journey-to-independent-dealership-opens-world-of-possibilities-for-copier-headquarters/,post,Journey to Independent Dealership Opens World of Possibilities for Copier Headquarters - GoodSuite,98,False,Uncover the benefits of independent dealership for Copier Headquarters and how it expanded its offerings in office technology.,126,Journey to Independent Dealership Opens World of Possibilities for Copier Headquarters,1,2,8,2,2829,13,0,103,19,https://goodsuite.com/blog/journey-to-independent-dealership-opens-world-of-possibilities-for-copier-headquarters/,True,,False,False,True,96,A,contact,15,False,False,False,True,True,"Article, BreadcrumbList, EntryPoint, ImageObject, ListItem, Organization, Person, PropertyValueSpecification, ReadAction, SearchAction, WebPage, WebSite",False,True,False,True,61,C,Rewrite the title to 30 to 60 characters | Add the city or service area to the title | Add a five-question FAQ marked up as FAQPage | Add LocalBusiness schema with the office address | Add Review or AggregateRating schema from real Google reviews | Set a branded share image (og:image) | Add contactPoint or a telephone to the Organization,6
https://goodsuite.com/blog/kinds-of-cyber-security-threats/,post,Kinds of Cyber Security Threats - GoodSuite,43,False,There are a variety of different kinds of cyber security threats to be prepared for if you own a business. Here's what to look out for.,135,Kinds of Cyber Security Threats,1,3,9,2,869,17,0,103,19,https://goodsuite.com/blog/kinds-of-cyber-security-threats/,True,https://goodsuite.com/wp-content/uploads/2022/04/AdobeStock_1918472643.jpeg,True,False,False,96,A,contact,16,False,False,False,True,True,"Article, BreadcrumbList, EntryPoint, ImageObject, ListItem, Organization, Person, PropertyValueSpecification, ReadAction, SearchAction, WebPage, WebSite",False,True,False,True,66,C,Add the city or service area to the title | Add a five-question FAQ marked up as FAQPage | Add LocalBusiness schema with the office address | Add Review or AggregateRating schema from real Google reviews | Set a branded share image (og:image) | Add contactPoint or a telephone to the Organization,5
https://goodsuite.com/blog/los-angeles-based-copy-machine-firm-gives-back/,post,Los Angeles Based Copy Machine Firm Gives Back - GoodSuite,58,True,Discover how a Los Angeles based copy machine firm gives back to the community through Operation Gratitude and support for first responders.,140,Los Angeles Based Copy Machine Firm Gives Back,2,3,9,0,1253,17,0,104,18,https://goodsuite.com/blog/los-angeles-based-copy-machine-firm-gives-back/,True,https://goodsuite.com/wp-content/uploads/2019/05/Los-Angeles-Copy-Company-Gives-Back.jpg,False,False,True,96,A,contact,16,False,False,False,True,True,"Article, BreadcrumbList, EntryPoint, ImageObject, ListItem, Organization, Person, PropertyValueSpecification, ReadAction, SearchAction, WebPage, WebSite",False,True,False,True,63,C,Give the page exactly one H1 | Add a heading that asks the question the page answers | Add a five-question FAQ marked up as FAQPage | Add LocalBusiness schema with the office address | Add Review or AggregateRating schema from real Google reviews | Add contactPoint or a telephone to the Organization,5
https://goodsuite.com/blog/los-angeles-printing-solutions/,post,Los Angeles Printing Solutions - GoodSuite,42,True,Uncover the benefits of Los Angeles Printing Solutions. Affordable options for businesses looking to thrive in the area.,120,Los Angeles Printing Solutions,1,2,8,1,628,16,0,103,21,https://goodsuite.com/blog/los-angeles-printing-solutions/,True,https://goodsuite.com/wp-content/uploads/2019/05/shutterstock_512154406.jpg,True,False,False,96,A,contact,16,False,False,False,True,True,"Article, BreadcrumbList, EntryPoint, ImageObject, ListItem, Organization, Person, PropertyValueSpecification, ReadAction, SearchAction, WebPage, WebSite",False,True,False,True,74,B,Add a five-question FAQ marked up as FAQPage | Add LocalBusiness schema with the office address | Add Review or AggregateRating schema from real Google reviews | Set a branded share image (og:image) | Add contactPoint or a telephone to the Organization,4
https://goodsuite.com/blog/microsoft-365-licensing-confusion-growing-businesses/,post,Why Microsoft 365 Licensing Confuses So Many Growing Businesses - GoodSuite,75,False,"Microsoft 365 licensing can be confusing for businesses. Learn why plans overlap, where companies go wrong, and how to choose the right fit.",140,Why Microsoft 365 Licensing Confuses So Many Growing Businesses,1,2,8,2,1091,18,0,107,20,https://goodsuite.com/blog/microsoft-365-licensing-confusion-growing-businesses/,True,https://goodsuite.com/wp-content/uploads/2026/03/AdobeStock_403732297.jpeg,True,False,True,96,A,contact,16,False,False,False,True,True,"Article, BreadcrumbList, EntryPoint, ImageObject, ListItem, Organization, Person, PropertyValueSpecification, ReadAction, SearchAction, WebPage, WebSite",False,True,False,True,61,C,Rewrite the title to 30 to 60 characters | Add the city or service area to the title | Add a five-question FAQ marked up as FAQPage | Add LocalBusiness schema with the office address | Add Review or AggregateRating schema from real Google reviews | Set a branded share image (og:image) | Add contactPoint or a telephone to the Organization,6
https://goodsuite.com/blog/microsoft-365-security-what-it-covers/,post,What Microsoft 365 Security Actually Covers (and What It Doesn’t) - GoodSuite,77,False,"Learn what Microsoft 365 security protects, where your responsibility begins, and how to close the gaps that leave business data exposed.",137,What Microsoft 365 Security Actually Covers (and What It Doesn’t),1,2,8,3,1789,19,0,108,20,https://goodsuite.com/blog/microsoft-365-security-what-it-covers/,True,https://goodsuite.com/wp-content/uploads/2026/03/AdobeStock_552261954_Editorial_Use_Only-2.jpeg,True,False,True,96,A,contact,16,False,False,False,True,True,"Article, BreadcrumbList, EntryPoint, ImageObject, ListItem, Organization, Person, PropertyValueSpecification, ReadAction, SearchAction, WebPage, WebSite",False,True,False,True,61,C,Rewrite the title to 30 to 60 characters | Add the city or service area to the title | Add a five-question FAQ marked up as FAQPage | Add LocalBusiness schema with the office address | Add Review or AggregateRating schema from real Google reviews | Set a branded share image (og:image) | Add contactPoint or a telephone to the Organization,6
https://goodsuite.com/blog/military-appreciation-day/,post,Military Appreciation Day - GoodSuite,37,False,Join us on Military Appreciation Day as we honor our veterans and thank them for their bravery and service to our country.,122,Military Appreciation Day,1,2,8,0,1048,17,0,104,20,https://goodsuite.com/blog/military-appreciation-day/,True,https://goodsuite.com/wp-content/uploads/2020/07/portrait-of-military-soldier-giving-salute-5YHGAZF-scaled-1.jpg,False,False,False,96,A,contact,16,False,False,False,True,True,"Article, BreadcrumbList, EntryPoint, ImageObject, ListItem, Organization, Person, PropertyValueSpecification, ReadAction, SearchAction, WebPage, WebSite",False,True,False,True,60,C,Add the city or service area to the title | Add a heading that asks the question the page answers | Add a five-question FAQ marked up as FAQPage | Add LocalBusiness schema with the office address | Add Review or AggregateRating schema from real Google reviews | Add contactPoint or a telephone to the Organization,5
https://goodsuite.com/blog/most-common-commercial-printer-issues-how-to-fix-them/,post,Most Common Commercial Printer Issues & How to Fix Them - GoodSuite,67,False,Use our guide for solutions to commercial printer issues! Discover common problems and fixes to ensure reliable and efficient printing for your business.,153,Most Common Commercial Printer Issues & How to Fix Them,1,2,8,0,1406,17,0,105,23,https://goodsuite.com/blog/most-common-commercial-printer-issues-how-to-fix-them/,True,https://goodsuite.com/wp-content/uploads/2024/08/01.jpg,False,False,False,96,A,contact,16,False,False,False,True,True,"Article, BreadcrumbList, EntryPoint, ImageObject, ListItem, Organization, Person, PropertyValueSpecification, ReadAction, SearchAction, WebPage, WebSite",False,True,False,True,55,C,Rewrite the title to 30 to 60 characters | Add the city or service area to the title | Add a heading that asks the question the page answers | Add a five-question FAQ marked up as FAQPage | Add LocalBusiness schema with the office address | Add Review or AggregateRating schema from real Google reviews | Add contactPoint or a telephone to the Organization,6
https://goodsuite.com/blog/not-all-voip-systems-are-created-equal/,post,Not all VoIP Systems are Created Equal | GoodSuite,50,False,GoodSuite reveals why not all VoIP systems are created equal. Understand the essential features to choose the best VoIP system for your business. Read more!,156,Not all VoIP Systems are Created Equal,1,2,8,2,1270,16,0,102,23,https://goodsuite.com/blog/not-all-voip-systems-are-created-equal/,True,https://goodsuite.com/wp-content/uploads/2023/01/voip-system.jpg,False,False,False,96,A,contact,16,False,False,False,True,True,"Article, BreadcrumbList, EntryPoint, ImageObject, ListItem, Organization, Person, PropertyValueSpecification, ReadAction, SearchAction, WebPage, WebSite",False,True,False,True,68,C,Add the city or service area to the title | Add a five-question FAQ marked up as FAQPage | Add LocalBusiness schema with the office address | Add Review or AggregateRating schema from real Google reviews | Add contactPoint or a telephone to the Organization,4
https://goodsuite.com/blog/office-organization-tips-for-2023/,post,Office Organization Tips for 2023 | GoodSuite,45,False,GoodSuite shares office organization tips & guidance for 2023. Improve your workspace efficiency and boost productivity with our expert advice. View our blog!,158,Office Organization Tips for 2023,1,2,8,1,1407,15,0,101,20,https://goodsuite.com/blog/office-organization-tips-for-2023/,True,https://goodsuite.com/wp-content/uploads/2023/02/Office-Organization-Tips-for-2023.jpg,False,False,False,96,A,contact,16,False,False,False,True,True,"Article, BreadcrumbList, EntryPoint, ImageObject, ListItem, Organization, Person, PropertyValueSpecification, ReadAction, SearchAction, WebPage, WebSite",False,True,False,True,68,C,Add the city or service area to the title | Add a five-question FAQ marked up as FAQPage | Add LocalBusiness schema with the office address | Add Review or AggregateRating schema from real Google reviews | Add contactPoint or a telephone to the Organization,4
https://goodsuite.com/blog/office-print-copy-troubleshooting-tips-how-to-maintain-your-business-printers/,post,Office Print & Copy Troubleshooting Tips: How to Maintain Your Business Printers,80,False,Use the office print troubleshooting advice on GoodSuite to maximize printer reliability. Make sure your company runs smoothly and performs at its best.,152,Office Print & Copy Troubleshooting Tips: How to Maintain Your Business Printers,1,2,8,0,1245,15,0,103,23,https://goodsuite.com/blog/office-print-copy-troubleshooting-tips-how-to-maintain-your-business-printers/,True,https://goodsuite.com/wp-content/uploads/2024/07/01.png,False,False,False,90,A,"contact, clean",16,False,False,False,True,True,"Article, BreadcrumbList, EntryPoint, ImageObject, ListItem, Organization, Person, PropertyValueSpecification, ReadAction, SearchAction, WebPage, WebSite",False,True,False,True,55,C,Rewrite the title to 30 to 60 characters | Add the city or service area to the title | Add a heading that asks the question the page answers | Add a five-question FAQ marked up as FAQPage | Add LocalBusiness schema with the office address | Add Review or AggregateRating schema from real Google reviews | Add contactPoint or a telephone to the Organization | Remove empty and placeholder values from the markup,6
https://goodsuite.com/blog/office-printer-copier-buying-guide/,post,Office Printer and Copier Buying Guide,38,False,"Find the right office printer and copier for your business with this expert buying guide—features, pricing, and top recommendations.",132,Office Printer and Copier Buying Guide,1,2,8,1,1294,17,0,104,23,https://goodsuite.com/blog/office-printer-copier-buying-guide/,True,https://goodsuite.com/wp-content/uploads/2024/12/f-5.jpg,False,False,True,96,A,contact,16,False,False,False,True,True,"Article, BreadcrumbList, EntryPoint, ImageObject, ListItem, Organization, Person, PropertyValueSpecification, ReadAction, SearchAction, WebPage, WebSite",False,True,False,True,68,C,Add the city or service area to the title | Add a five-question FAQ marked up as FAQPage | Add LocalBusiness schema with the office address | Add Review or AggregateRating schema from real Google reviews | Add contactPoint or a telephone to the Organization,4
https://goodsuite.com/blog/planning-an-office-move-how-to-keep-tech-safe/,post,Planning an Office Move? How to Keep Tech Safe,46,False,"Moving offices? Find out how to keep your tech safe with comprehensive advice on planning, packing, and managing your technology for a seamless move. Check now!",160,Planning an Office Move? How to Keep Tech Safe,1,2,8,0,1212,16,0,103,24,https://goodsuite.com/blog/planning-an-office-move-how-to-keep-tech-safe/,True,https://goodsuite.com/wp-content/uploads/2023/04/GS.webp,False,False,False,96,A,contact,16,False,False,False,True,True,"Article, BreadcrumbList, EntryPoint, ImageObject, ListItem, Organization, Person, PropertyValueSpecification, ReadAction, SearchAction, WebPage, WebSite",False,True,False,True,60,C,Add the city or service area to the title | Add a heading that asks the question the page answers | Add a five-question FAQ marked up as FAQPage | Add LocalBusiness schema with the office address | Add Review or AggregateRating schema from real Google reviews | Add contactPoint or a telephone to the Organization,5
https://goodsuite.com/blog/predictable-it-costs-vs-cheap-it/,post,Why Predictable IT Costs Matter More Than Cheap IT - GoodSuite,62,False,"Cheap IT may seem like savings upfront, but unpredictable costs and downtime add up fast. See why predictable IT delivers better value.",135,Why Predictable IT Costs Matter More Than Cheap IT,1,2,8,2,1165,19,0,108,19,https://goodsuite.com/blog/predictable-it-costs-vs-cheap-it/,True,https://goodsuite.com/wp-content/uploads/2026/03/AdobeStock_1802019226-3.jpeg,True,False,False,96,A,contact,16,False,False,False,True,True,"Article, BreadcrumbList, EntryPoint, ImageObject, ListItem, Organization, Person, PropertyValueSpecification, ReadAction, SearchAction, WebPage, WebSite",False,True,False,True,61,C,Rewrite the title to 30 to 60 characters | Add the city or service area to the title | Add a five-question FAQ marked up as FAQPage | Add LocalBusiness schema with the office address | Add Review or AggregateRating schema from real Google reviews | Set a branded share image (og:image) | Add contactPoint or a telephone to the Organization,6
https://goodsuite.com/blog/print-copy-trends-2024/,post,Print & Copy Trends 2024 | GoodSuite,36,False,"Stay updated with the top print and copy trends for 2024. Explore innovations, efficiency tips, and sustainability insights. Learn more at GoodSuite now!",153,Print & Copy Trends 2024,1,2,8,1,1153,16,0,103,20,https://goodsuite.com/blog/print-copy-trends-2024/,True,https://goodsuite.com/wp-content/uploads/2024/01/Print-Copy-Trends-2024.jpg,False,False,False,96,A,contact,16,False,False,False,True,True,"Article, BreadcrumbList, EntryPoint, ImageObject, ListItem, Organization, Person, PropertyValueSpecification, ReadAction, SearchAction, WebPage, WebSite",False,True,False,True,68,C,Add the city or service area to the title | Add a five-question FAQ marked up as FAQPage | Add LocalBusiness schema with the office address | Add Review or AggregateRating schema from real Google reviews | Add contactPoint or a telephone to the Organization,4
https://goodsuite.com/blog/print-driver-links-at-your-finger-tips/,post,Print Driver Links At Your Finger Tips - GoodSuite,50,False,Make installation easy with Print Driver Links At Your Finger Tips. Download drivers for various printer models in seconds.,123,Print Driver Links At Your Finger Tips,1,2,9,1,491,13,0,105,23,https://goodsuite.com/blog/print-driver-links-at-your-finger-tips/,True,,False,False,False,96,A,contact,15,False,False,False,True,True,"Article, BreadcrumbList, EntryPoint, ImageObject, ListItem, Organization, Person, PropertyValueSpecification, ReadAction, SearchAction, WebPage, WebSite",False,True,False,True,66,C,Add the city or service area to the title | Add a five-question FAQ marked up as FAQPage | Add LocalBusiness schema with the office address | Add Review or AggregateRating schema from real Google reviews | Set a branded share image (og:image) | Add contactPoint or a telephone to the Organization,5
https://goodsuite.com/blog/print-management-guide-for-small-businesses/,post,Print Management Guide for Small Businesses - GoodSuite,55,False,Discover the key benefits of print management for small businesses to enhance efficiency and minimize costs in printing.,120,Print Management Guide for Small Businesses,1,2,8,0,1349,19,0,104,20,https://goodsuite.com/blog/print-management-guide-for-small-businesses/,True,https://goodsuite.com/wp-content/uploads/2025/05/Print-Management-Guide-for-Small-Businesses-banner.jpg,False,False,False,96,A,contact,16,False,False,False,True,True,"Article, BreadcrumbList, EntryPoint, ImageObject, ListItem, Organization, Person, PropertyValueSpecification, ReadAction, SearchAction, WebPage, WebSite",False,True,False,True,60,C,Add the city or service area to the title | Add a heading that asks the question the page answers | Add a five-question FAQ marked up as FAQPage | Add LocalBusiness schema with the office address | Add Review or AggregateRating schema from real Google reviews | Add contactPoint or a telephone to the Organization,5
https://goodsuite.com/blog/print-security-how-to-keep-your-mfps-secure/,post,Print Security: How to Protect Your MFPs from Threats,53,False,Discover key tips to keep your MFPs secure and protect sensitive data. Learn how to implement print security to avoid potential risks.,134,Print Security: How to Keep Your MFPs Secure,1,2,8,2,1212,17,0,102,20,https://goodsuite.com/blog/print-security-how-to-keep-your-mfps-secure/,True,https://goodsuite.com/wp-content/uploads/2025/04/1100x400-good-suites-13.jpg,False,False,True,96,A,contact,16,False,False,False,True,True,"Article, BreadcrumbList, EntryPoint, ImageObject, ListItem, Organization, Person, PropertyValueSpecification, ReadAction, SearchAction, WebPage, WebSite",False,True,False,True,68,C,Add the city or service area to the title | Add a five-question FAQ marked up as FAQPage | Add LocalBusiness schema with the office address | Add Review or AggregateRating schema from real Google reviews | Add contactPoint or a telephone to the Organization,4
https://goodsuite.com/blog/printer-practices-to-get-ahead-of-spring-cleaning/,post,Printer Practices to Get Ahead of Spring Cleaning - GoodSuite,61,False,Printer upkeep and maintenance is very important for making sure your printer continues to function as it should.,113,Printer Practices to Get Ahead of Spring Cleaning,1,2,8,0,819,16,0,103,21,https://goodsuite.com/blog/printer-practices-to-get-ahead-of-spring-cleaning/,True,https://goodsuite.com/wp-content/uploads/2022/02/v_280p_03f_en_RT_NewBadges-e1646068535604.jpg,False,False,False,96,A,contact,16,False,False,False,True,True,"Article, BreadcrumbList, EntryPoint, ImageObject, ListItem, Organization, Person, PropertyValueSpecification, ReadAction, SearchAction, WebPage, WebSite",False,True,False,True,55,C,Rewrite the title to 30 to 60 characters | Add the city or service area to the title | Add a heading that asks the question the page answers | Add a five-question FAQ marked up as FAQPage | Add LocalBusiness schema with the office address | Add Review or AggregateRating schema from real Google reviews | Add contactPoint or a telephone to the Organization,6
https://goodsuite.com/blog/printing-solutions-for-education-how-managed-print-services-can-cut-costs-for-schools/,post,Printing Solutions for Education: Cut Costs with Managed Print,62,False,"Discover how managed print services can help schools reduce printing costs. Learn efficient solutions for managing documents, improving workflows, and saving money.",164,Printing Solutions for Education: How Managed Print Services Can Cut Costs for Schools,1,2,8,1,1167,17,0,104,19,https://goodsuite.com/blog/printing-solutions-for-education-how-managed-print-services-can-cut-costs-for-schools/,True,https://goodsuite.com/wp-content/uploads/2025/03/149707.jpg,False,False,False,96,A,contact,16,False,False,False,True,True,"Article, BreadcrumbList, EntryPoint, ImageObject, ListItem, Organization, Person, PropertyValueSpecification, ReadAction, SearchAction, WebPage, WebSite",False,True,False,True,58,C,Rewrite the title to 30 to 60 characters | Add the city or service area to the title | Write a meta description of 70 to 160 characters | Add a five-question FAQ marked up as FAQPage | Add LocalBusiness schema with the office address | Add Review or AggregateRating schema from real Google reviews | Add contactPoint or a telephone to the Organization,6
https://goodsuite.com/blog/pros-cons-of-managed-print-services/,post,Pros & Cons of Managed Print Services - GoodSuite,49,False,Explore the pros and cons of Managed Print Services to make an informed decision on whether MPS suits your business’s printing requirements. Read more now!,155,Pros & Cons of Managed Print Services,1,2,8,1,1189,16,0,103,21,https://goodsuite.com/blog/pros-cons-of-managed-print-services/,True,https://goodsuite.com/wp-content/uploads/2024/02/Pros-Cons-of-Managed-Print-Services.jpg,False,False,True,96,A,contact,16,False,False,False,True,True,"Article, BreadcrumbList, EntryPoint, ImageObject, ListItem, Organization, Person, PropertyValueSpecification, ReadAction, SearchAction, WebPage, WebSite",False,True,False,True,68,C,Add the city or service area to the title | Add a five-question FAQ marked up as FAQPage | Add LocalBusiness schema with the office address | Add Review or AggregateRating schema from real Google reviews | Add contactPoint or a telephone to the Organization,4
https://goodsuite.com/blog/questions-to-ask-your-it-team/,post,10 Questions to Ask Your IT Team Before Small Problems Become Big Ones - GoodSuite,82,False,"Discover questions to ask your IT team to uncover hidden gaps, reduce risk, and stop small issues from becoming costly problems.",128,10 Questions to Ask Your IT Team Before Small Problems Become Big Ones,1,2,8,2,2191,18,0,109,22,https://goodsuite.com/blog/questions-to-ask-your-it-team/,True,https://goodsuite.com/wp-content/uploads/2026/04/AdobeStock_173254865.jpeg,True,False,True,96,A,contact,16,False,False,False,True,True,"Article, BreadcrumbList, EntryPoint, ImageObject, ListItem, Organization, Person, PropertyValueSpecification, ReadAction, SearchAction, WebPage, WebSite",False,True,False,True,61,C,Rewrite the title to 30 to 60 characters | Add the city or service area to the title | Add a five-question FAQ marked up as FAQPage | Add LocalBusiness schema with the office address | Add Review or AggregateRating schema from real Google reviews | Set a branded share image (og:image) | Add contactPoint or a telephone to the Organization,6
https://goodsuite.com/blog/reasons-to-utilize-managed-services-in-2022/,post,Reasons to Utilize Managed Services in 2022,43,False,"What are managed services? Managed services offer a way to outsource tasks to a third-party provider. In this instance, we’re discussing IT managed services, which specifically cater to technology needs such as cybersecurity, data backup and recovery, network administration, managed printing services, and more, depending on your company’s individualized needs.",362,Reasons to Utilize Managed Services in 2022,1,2,8,1,1395,15,0,101,20,https://goodsuite.com/blog/reasons-to-utilize-managed-services-in-2022/,True,https://goodsuite.com/wp-content/uploads/2022/10/Managed-Services-in-2022.jpg,False,False,False,90,A,"contact, clean",16,False,False,False,True,True,"Article, BreadcrumbList, EntryPoint, ImageObject, ListItem, Organization, Person, PropertyValueSpecification, ReadAction, SearchAction, WebPage, WebSite",False,True,False,True,63,C,Add the city or service area to the title | Write a meta description of 70 to 160 characters | Add a five-question FAQ marked up as FAQPage | Add LocalBusiness schema with the office address | Add Review or AggregateRating schema from real Google reviews | Add contactPoint or a telephone to the Organization | Remove empty and placeholder values from the markup,5
https://goodsuite.com/blog/reasons-why-your-office-needs-a-versatile-copier/,post,Reasons Why Your Office Needs a Versatile Copier - GoodSuite,60,False,Should you get a new or additional copier to handle your office’s needs in-house? Is it cheaper to out-source your printing needs?,130,Reasons Why Your Office Needs a Versatile Copier,1,2,8,2,806,14,0,100,19,https://goodsuite.com/blog/reasons-why-your-office-needs-a-versatile-copier/,True,https://goodsuite.com/wp-content/uploads/2020/11/MX-C607P_panel_hand-02-scaled-1.jpg,False,False,False,96,A,contact,16,False,False,False,True,True,"Article, BreadcrumbList, EntryPoint, ImageObject, ListItem, Organization, Person, PropertyValueSpecification, ReadAction, SearchAction, WebPage, WebSite",False,True,False,True,68,C,Add the city or service area to the title | Add a five-question FAQ marked up as FAQPage | Add LocalBusiness schema with the office address | Add Review or AggregateRating schema from real Google reviews | Add contactPoint or a telephone to the Organization,4
https://goodsuite.com/blog/shadow-ai-risks-safe-ai-use/,post,Shadow AI Risks: How Employees Can Use AI Safely (Without Losing Control of Your Data) - GoodSuite,98,False,"Protect your business from shadow AI. Learn how to create safe AI policies, secure business data, and support responsible AI use.",129,Shadow AI Risks: How Employees Can Use AI Safely (Without Losing Control of Your Data),1,11,11,7,1845,19,0,106,21,https://goodsuite.com/blog/shadow-ai-risks-safe-ai-use/,True,https://goodsuite.com/wp-content/uploads/2026/07/AdobeStock_972446280.jpeg,True,False,True,87,A,"contact, dates",16,False,False,False,True,True,"Article, BreadcrumbList, EntryPoint, ImageObject, ListItem, Organization, Person, PropertyValueSpecification, ReadAction, SearchAction, WebPage, WebSite",False,True,False,True,61,C,Rewrite the title to 30 to 60 characters | Add the city or service area to the title | Add a five-question FAQ marked up as FAQPage | Add LocalBusiness schema with the office address | Add Review or AggregateRating schema from real Google reviews | Set a branded share image (og:image) | Add contactPoint or a telephone to the Organization | Add datePublished and dateModified,6
https://goodsuite.com/blog/sharp-electronics-professional-printers-and-copiers-for-businesses/,post,Sharp Electronics: Professional Printers and Copiers for Businesses - GoodSuite,79,False,Sharp Electronics: professional printers and copiers provide the reliability and quality businesses need for seamless operations.,129,Sharp Electronics: Professional Printers and Copiers for Businesses,1,2,8,1,1360,17,0,108,20,https://goodsuite.com/blog/sharp-electronics-professional-printers-and-copiers-for-businesses/,True,https://goodsuite.com/wp-content/uploads/2025/06/1100x400-good-suites-17.jpg,False,False,True,96,A,contact,16,False,False,False,True,True,"Article, BreadcrumbList, EntryPoint, ImageObject, ListItem, Organization, Person, PropertyValueSpecification, ReadAction, SearchAction, WebPage, WebSite",False,True,False,True,63,C,Rewrite the title to 30 to 60 characters | Add the city or service area to the title | Add a five-question FAQ marked up as FAQPage | Add LocalBusiness schema with the office address | Add Review or AggregateRating schema from real Google reviews | Add contactPoint or a telephone to the Organization,5
https://goodsuite.com/blog/steps-to-choose-the-best-printer-for-your-office/,post,Steps to Choose the Best Printer for your Office,48,False,"Finding the ideal printer for your office is an important investment in your business. Regardless of how much your company prints and how much budget is allocated for the purchase, finding the perfect printing solution is crucial in increasing output and boosting productivity.",277,Steps to Choose the Best Printer for your Office,1,3,8,2,1231,16,0,103,21,https://goodsuite.com/blog/steps-to-choose-the-best-printer-for-your-office/,True,https://goodsuite.com/wp-content/uploads/2022/07/Steps-to-Choose-the-Best-Printer-for-your-Office.jpg,False,False,False,90,A,"contact, clean",16,False,False,False,True,True,"Article, BreadcrumbList, EntryPoint, ImageObject, ListItem, Organization, Person, PropertyValueSpecification, ReadAction, SearchAction, WebPage, WebSite",False,True,False,True,63,C,Add the city or service area to the title | Write a meta description of 70 to 160 characters | Add a five-question FAQ marked up as FAQPage | Add LocalBusiness schema with the office address | Add Review or AggregateRating schema from real Google reviews | Add contactPoint or a telephone to the Organization | Remove empty and placeholder values from the markup,5
https://goodsuite.com/blog/summer-intern-qa/,post,Summer Intern Q&A - GoodSuite,29,False,"Check out our Summer Intern Q&A to discover the highlights of working at GoodSuite, including sales and marketing collaboration.",128,Summer Intern Q&A,1,2,9,3,801,17,0,103,18,https://goodsuite.com/blog/summer-intern-qa/,True,https://goodsuite.com/wp-content/uploads/2019/08/Jordan_photo_2019-08-16_15-30-33-1024x576.png,False,False,True,96,A,contact,16,False,False,False,True,True,"Article, BreadcrumbList, EntryPoint, ImageObject, ListItem, Organization, Person, PropertyValueSpecification, ReadAction, SearchAction, WebPage, WebSite",False,True,False,True,63,C,Rewrite the title to 30 to 60 characters | Add the city or service area to the title | Add a five-question FAQ marked up as FAQPage | Add LocalBusiness schema with the office address | Add Review or AggregateRating schema from real Google reviews | Add contactPoint or a telephone to the Organization,5
https://goodsuite.com/blog/tax-benefits-of-professional-printers-copiers/,post,Tax Benefits of Professional Printers & Copiers for Businesses,62,False,"Learn how professional printers & copiers offer tax benefits. Discover deductions, cost savings, and financial advantages for your business operations.",151,Tax Benefits of Professional Printers & Copiers,1,2,8,1,1306,16,0,104,18,https://goodsuite.com/blog/tax-benefits-of-professional-printers-copiers/,True,https://goodsuite.com/wp-content/uploads/2025/02/f-10.jpg,False,False,False,96,A,contact,16,False,False,False,True,True,"Article, BreadcrumbList, EntryPoint, ImageObject, ListItem, Organization, Person, PropertyValueSpecification, ReadAction, SearchAction, WebPage, WebSite",False,True,False,True,63,C,Rewrite the title to 30 to 60 characters | Add the city or service area to the title | Add a five-question FAQ marked up as FAQPage | Add LocalBusiness schema with the office address | Add Review or AggregateRating schema from real Google reviews | Add contactPoint or a telephone to the Organization,5
https://goodsuite.com/blog/the-advantages-of-managed-it-services-for-your-business/,post,The Advantages of Managed IT Services for Your Business,55,False,"Unlock the advantages of managed IT services for your business with GoodSuite. Enhance efficiency, security, and support with our expert solutions. Learn more!",159,The Advantages of Managed IT Services for Your Business,1,2,8,1,1413,15,0,102,23,https://goodsuite.com/blog/the-advantages-of-managed-it-services-for-your-business/,True,https://goodsuite.com/wp-content/uploads/2023/02/The-Advantages-of-Managed-IT-Services-for-Your-Business.jpg,False,False,True,96,A,contact,16,False,False,False,True,True,"Article, BreadcrumbList, EntryPoint, ImageObject, ListItem, Organization, Person, PropertyValueSpecification, ReadAction, SearchAction, WebPage, WebSite",False,True,False,True,68,C,Add the city or service area to the title | Add a five-question FAQ marked up as FAQPage | Add LocalBusiness schema with the office address | Add Review or AggregateRating schema from real Google reviews | Add contactPoint or a telephone to the Organization,4
https://goodsuite.com/blog/the-difference-between-it-support-and-it-accountability/,post,The Difference Between IT Support and IT Accountability - GoodSuite,67,False,"Many businesses believe IT exists to fix problems. When something breaks, someone calls. A ticket is opened. The issue gets resolved. On the surface, this feels like IT is doing its job.",186,The Difference Between IT Support and IT Accountability,1,2,8,1,848,16,0,103,18,https://goodsuite.com/blog/the-difference-between-it-support-and-it-accountability/,True,https://goodsuite.com/wp-content/uploads/2026/02/MIT-hero-2.jpg,False,False,False,96,A,contact,16,False,False,False,True,True,"Article, BreadcrumbList, EntryPoint, ImageObject, ListItem, Organization, Person, PropertyValueSpecification, ReadAction, SearchAction, WebPage, WebSite",False,True,False,True,58,C,Rewrite the title to 30 to 60 characters | Add the city or service area to the title | Write a meta description of 70 to 160 characters | Add a five-question FAQ marked up as FAQPage | Add LocalBusiness schema with the office address | Add Review or AggregateRating schema from real Google reviews | Add contactPoint or a telephone to the Organization,6
https://goodsuite.com/blog/the-efficient-technology-driven-workplace/,post,The Efficient Technology-Driven Workplace - GoodSuite,53,False,"Discover the benefits of The Efficient Technology-Driven Workplace, where technology enhances productivity and reduces costs.",125,The Efficient Technology-Driven Workplace,1,2,9,3,691,13,0,105,21,https://goodsuite.com/blog/the-efficient-technology-driven-workplace/,True,,False,False,False,96,A,contact,15,False,False,False,True,True,"Article, BreadcrumbList, EntryPoint, ImageObject, ListItem, Organization, Person, PropertyValueSpecification, ReadAction, SearchAction, WebPage, WebSite",False,True,False,True,66,C,Add the city or service area to the title | Add a five-question FAQ marked up as FAQPage | Add LocalBusiness schema with the office address | Add Review or AggregateRating schema from real Google reviews | Set a branded share image (og:image) | Add contactPoint or a telephone to the Organization,5
https://goodsuite.com/blog/the-future-of-cloud-computing-for-small-businesses/,post,The Future of Cloud Computing for Small Businesses,50,False,"Discover how cloud computing is evolving for small businesses. Learn about trends, benefits, and how to stay competitive in a digital-first world.",146,The Future of Cloud Computing for Small Businesses,1,2,8,1,1452,16,0,103,20,https://goodsuite.com/blog/the-future-of-cloud-computing-for-small-businesses/,True,https://goodsuite.com/wp-content/uploads/2025/03/1100x400-good-suitesf-1.jpg,False,False,False,96,A,contact,16,False,False,False,True,True,"Article, BreadcrumbList, EntryPoint, ImageObject, ListItem, Organization, Person, PropertyValueSpecification, ReadAction, SearchAction, WebPage, WebSite",False,True,False,True,68,C,Add the city or service area to the title | Add a five-question FAQ marked up as FAQPage | Add LocalBusiness schema with the office address | Add Review or AggregateRating schema from real Google reviews | Add contactPoint or a telephone to the Organization,4
https://goodsuite.com/blog/the-remarkable-benefits-of-managed-it-services/,post,The Remarkable Benefits of Managed IT Services,46,False,"What are managed IT solutions? These managed service providers are third-party, remote services who manage and monitor everything from cloud storage and backup to service maintenance.",183,The Remarkable Benefits of Managed IT Services,1,2,8,0,1218,16,0,102,23,https://goodsuite.com/blog/the-remarkable-benefits-of-managed-it-services/,True,https://goodsuite.com/wp-content/uploads/2022/08/Managed-IT-Services.jpg,False,False,False,96,A,contact,16,False,False,False,True,True,"Article, BreadcrumbList, EntryPoint, ImageObject, ListItem, Organization, Person, PropertyValueSpecification, ReadAction, SearchAction, WebPage, WebSite",False,True,False,True,55,C,Add the city or service area to the title | Write a meta description of 70 to 160 characters | Add a heading that asks the question the page answers | Add a five-question FAQ marked up as FAQPage | Add LocalBusiness schema with the office address | Add Review or AggregateRating schema from real Google reviews | Add contactPoint or a telephone to the Organization,6
https://goodsuite.com/blog/the-ultimate-guide-to-business-cybersecurity/,post,The Ultimate Guide to Business Cybersecurity,44,False,"Your business should always make cybersecurity a top priority - not just to keep hackers away from your data, but to keep your business running smoothly.",153,The Ultimate Guide to Business Cybersecurity,1,6,8,4,1765,16,0,102,21,https://goodsuite.com/blog/the-ultimate-guide-to-business-cybersecurity/,True,https://goodsuite.com/wp-content/uploads/2022/06/business-cyber-security.jpg,False,False,True,96,A,contact,16,False,False,False,True,True,"Article, BreadcrumbList, EntryPoint, ImageObject, ListItem, Organization, Person, PropertyValueSpecification, ReadAction, SearchAction, WebPage, WebSite",False,True,False,True,68,C,Add the city or service area to the title | Add a five-question FAQ marked up as FAQPage | Add LocalBusiness schema with the office address | Add Review or AggregateRating schema from real Google reviews | Add contactPoint or a telephone to the Organization,4
https://goodsuite.com/blog/top-10-commercial-printers-for-small-businesses/,post,Top 10 Commercial Printers for Small Businesses,47,False,"Get the best commercial printer for your small business. Our top 10 list includes high-performance, budget-friendly options.",124,Top 10 Commercial Printers for Small Businesses,1,2,8,2,1140,17,0,113,22,https://goodsuite.com/blog/top-10-commercial-printers-for-small-businesses/,True,https://goodsuite.com/wp-content/uploads/2024/12/f-3.jpg,False,False,False,96,A,contact,16,False,False,False,True,True,"Article, BreadcrumbList, EntryPoint, ImageObject, ListItem, Organization, Person, PropertyValueSpecification, ReadAction, SearchAction, WebPage, WebSite",False,True,False,True,68,C,Add the city or service area to the title | Add a five-question FAQ marked up as FAQPage | Add LocalBusiness schema with the office address | Add Review or AggregateRating schema from real Google reviews | Add contactPoint or a telephone to the Organization,4
https://goodsuite.com/blog/top-10-reasons-to-embrace-managed-print-services/,post,Top 10 Reasons to Embrace Managed Print Services,48,False,"Learn how Managed Print Services can reduce waste, save time, and improve document security, all while boosting productivity.",125,Top 10 Reasons to Embrace Managed Print Services,1,2,8,1,1147,17,0,105,22,https://goodsuite.com/blog/top-10-reasons-to-embrace-managed-print-services/,True,https://goodsuite.com/wp-content/uploads/2023/09/managed-print-services-1.jpg,False,False,True,96,A,contact,16,False,False,False,True,True,"Article, BreadcrumbList, EntryPoint, ImageObject, ListItem, Organization, Person, PropertyValueSpecification, ReadAction, SearchAction, WebPage, WebSite",False,True,False,True,68,C,Add the city or service area to the title | Add a five-question FAQ marked up as FAQPage | Add LocalBusiness schema with the office address | Add Review or AggregateRating schema from real Google reviews | Add contactPoint or a telephone to the Organization,4
https://goodsuite.com/blog/top-10-reasons-to-reevaluate-your-business-print-copy-needs/,post,Top 10 Reasons to Reevaluate Your Business' Print & Copy Needs,62,False,"Explore the top 10 reasons to reassess your business's print and copy needs. Boost efficiency, cut costs, and increase productivity. Read more at GoodSuite.",156,Top 10 Reasons to Reevaluate Your Business’ Print & Copy Needs,1,2,8,2,881,16,0,103,20,https://goodsuite.com/blog/top-10-reasons-to-reevaluate-your-business-print-copy-needs/,True,https://goodsuite.com/wp-content/uploads/2023/10/Top-Reaons-to-Reevaluate-Business-Print-Needs.jpg,False,False,True,96,A,contact,16,False,False,False,True,True,"Article, BreadcrumbList, EntryPoint, ImageObject, ListItem, Organization, Person, PropertyValueSpecification, ReadAction, SearchAction, WebPage, WebSite",False,True,False,True,63,C,Rewrite the title to 30 to 60 characters | Add the city or service area to the title | Add a five-question FAQ marked up as FAQPage | Add LocalBusiness schema with the office address | Add Review or AggregateRating schema from real Google reviews | Add contactPoint or a telephone to the Organization,5
https://goodsuite.com/blog/top-10-reasons-to-use-managed-it-services/,post,Top 10 Reasons to use Managed IT services,41,False,Explore the top 10 reasons to use managed IT services for your business operations and find out why Good Suite is your reliable partner for your business.,154,Top 10 Reasons to use Managed IT services,1,2,8,2,1341,17,0,103,22,https://goodsuite.com/blog/top-10-reasons-to-use-managed-it-services/,True,https://goodsuite.com/wp-content/uploads/2024/04/Top-10-Reasons-to-Use-Managed-IT-Services-01.png,False,False,False,96,A,contact,16,False,False,False,True,True,"Article, BreadcrumbList, EntryPoint, ImageObject, ListItem, Organization, Person, PropertyValueSpecification, ReadAction, SearchAction, WebPage, WebSite",False,True,False,True,68,C,Add the city or service area to the title | Add a five-question FAQ marked up as FAQPage | Add LocalBusiness schema with the office address | Add Review or AggregateRating schema from real Google reviews | Add contactPoint or a telephone to the Organization,4
https://goodsuite.com/blog/top-10-reasons-to-use-managed-print-services/,post,Top 10 Reasons to Use Managed Print Services - GoodSuite,56,False,"Examine the top 10 reasons for using managed print services. See how GoodSuite can change your printing needs, from cost savings to better efficiency.",150,Top 10 Reasons to Use Managed Print Services,1,2,8,2,1448,17,0,105,23,https://goodsuite.com/blog/top-10-reasons-to-use-managed-print-services/,True,https://goodsuite.com/wp-content/uploads/2024/07/01-1.png,False,False,False,96,A,contact,16,False,False,False,True,True,"Article, BreadcrumbList, EntryPoint, ImageObject, ListItem, Organization, Person, PropertyValueSpecification, ReadAction, SearchAction, WebPage, WebSite",False,True,False,True,68,C,Add the city or service area to the title | Add a five-question FAQ marked up as FAQPage | Add LocalBusiness schema with the office address | Add Review or AggregateRating schema from real Google reviews | Add contactPoint or a telephone to the Organization,4
https://goodsuite.com/blog/top-5-reasons-to-use-managed-it-services/,post,Top 5 Reasons to Use Managed IT Services - GoodSuite,52,False,"Learn why managed IT services may change the game for business. Examine the top 5 benefits which include increased efficiency, security, and support.",149,Top 5 Reasons to Use Managed IT Services,1,2,11,2,1338,15,0,102,21,https://goodsuite.com/blog/top-5-reasons-to-use-managed-it-services/,True,https://goodsuite.com/wp-content/uploads/2024/08/Top-5-Reasons-to-Use-Managed-IT-Services.jpg,False,False,False,96,A,contact,16,False,False,False,True,True,"Article, BreadcrumbList, EntryPoint, ImageObject, ListItem, Organization, Person, PropertyValueSpecification, ReadAction, SearchAction, WebPage, WebSite",False,True,False,True,68,C,Add the city or service area to the title | Add a five-question FAQ marked up as FAQPage | Add LocalBusiness schema with the office address | Add Review or AggregateRating schema from real Google reviews | Add contactPoint or a telephone to the Organization,4
https://goodsuite.com/blog/top-5-things-to-consider-when-buying-a-printer/,post,Top 5 Things to Consider When Buying a Printer,46,False,"If looking for a new printer or a whole new set of printers or copiers for your office, odds are you’re a little overwhelmed by all of the options out there. You might not even know where to start in your search for the perfect machine for your business!",254,Top 5 Things to Consider When Buying a Printer,1,4,8,3,879,16,0,102,19,https://goodsuite.com/blog/top-5-things-to-consider-when-buying-a-printer/,True,https://goodsuite.com/wp-content/uploads/2022/06/Top-5-Things-to-Consider-When-Buying-a-Printer.jpg,False,False,True,96,A,contact,16,False,False,False,True,True,"Article, BreadcrumbList, EntryPoint, ImageObject, ListItem, Organization, Person, PropertyValueSpecification, ReadAction, SearchAction, WebPage, WebSite",False,True,False,True,63,C,Add the city or service area to the title | Write a meta description of 70 to 160 characters | Add a five-question FAQ marked up as FAQPage | Add LocalBusiness schema with the office address | Add Review or AggregateRating schema from real Google reviews | Add contactPoint or a telephone to the Organization,5
https://goodsuite.com/blog/top-5-tips-on-choosing-the-right-large-scale-business-printer/,post,Top 5 Tips on Choosing the Right Large-Scale Business Printer,61,False,Use our GoodSuite's top 5 tips to choose the best large-scale commercial printer for your needs and maximise productivity. Check out our blog post now!,151,Top 5 Tips on Choosing the Right Large-Scale Business Printer,1,2,8,1,1325,17,0,104,22,https://goodsuite.com/blog/top-5-tips-on-choosing-the-right-large-scale-business-printer/,True,https://goodsuite.com/wp-content/uploads/2024/06/Top-5-Tips-on-Choosing-the-Right-Large-Scale-Business-Printer.jpg,False,False,True,96,A,contact,16,False,False,False,True,True,"Article, BreadcrumbList, EntryPoint, ImageObject, ListItem, Organization, Person, PropertyValueSpecification, ReadAction, SearchAction, WebPage, WebSite",False,True,False,True,63,C,Rewrite the title to 30 to 60 characters | Add the city or service area to the title | Add a five-question FAQ marked up as FAQPage | Add LocalBusiness schema with the office address | Add Review or AggregateRating schema from real Google reviews | Add contactPoint or a telephone to the Organization,5
https://goodsuite.com/blog/top-5-ways-to-guard-your-business-from-cyber-attacks/,post,Top 5 Ways to Guard Your Business From Cyber Attacks - GoodSuite,64,False,Use these top 5 techniques to defend your company against cyberattacks. Discover crucial advice for fortifying your defenses and safeguarding your data.,152,Top 5 Ways to Guard Your Business From Cyber Attacks,1,2,8,3,1465,16,0,103,23,https://goodsuite.com/blog/top-5-ways-to-guard-your-business-from-cyber-attacks/,True,https://goodsuite.com/wp-content/uploads/2024/07/01-2.png,False,False,False,90,A,"contact, clean",16,False,False,False,True,True,"Article, BreadcrumbList, EntryPoint, ImageObject, ListItem, Organization, Person, PropertyValueSpecification, ReadAction, SearchAction, WebPage, WebSite",False,True,False,True,63,C,Rewrite the title to 30 to 60 characters | Add the city or service area to the title | Add a five-question FAQ marked up as FAQPage | Add LocalBusiness schema with the office address | Add Review or AggregateRating schema from real Google reviews | Add contactPoint or a telephone to the Organization | Remove empty and placeholder values from the markup,5
https://goodsuite.com/blog/top-cybersecurity-tips-your-business-needs-to-know/,post,Top Cybersecurity Tips Your Business Needs to Know - GoodSuite,62,False,GoodSuite provides essential cybersecurity tips for businesses. Protect your company from cyber threats and ensure data security with our expert advice.,152,Top Cybersecurity Tips Your Business Needs to Know,1,2,8,0,1353,16,0,102,22,https://goodsuite.com/blog/top-cybersecurity-tips-your-business-needs-to-know/,True,https://goodsuite.com/wp-content/uploads/2023/03/banner-1.jpg,False,False,False,90,A,"contact, clean",16,False,False,False,True,True,"Article, BreadcrumbList, EntryPoint, ImageObject, ListItem, Organization, Person, PropertyValueSpecification, ReadAction, SearchAction, WebPage, WebSite",False,True,False,True,55,C,Rewrite the title to 30 to 60 characters | Add the city or service area to the title | Add a heading that asks the question the page answers | Add a five-question FAQ marked up as FAQPage | Add LocalBusiness schema with the office address | Add Review or AggregateRating schema from real Google reviews | Add contactPoint or a telephone to the Organization | Remove empty and placeholder values from the markup,6
https://goodsuite.com/blog/top-printers-copiers-for-medical-offices/,post,Top Printers & Copiers for Medical Offices - GoodSuite,54,False,"Discover the top printers and copiers for medical offices that ensure security, efficiency, and high-quality output.",116,Top Printers & Copiers for Medical Offices,1,2,8,0,1341,18,0,107,20,https://goodsuite.com/blog/top-printers-copiers-for-medical-offices/,True,https://goodsuite.com/wp-content/uploads/2025/06/f-18.jpg,False,False,False,96,A,contact,16,False,False,False,True,True,"Article, BreadcrumbList, EntryPoint, ImageObject, ListItem, Organization, Person, PropertyValueSpecification, ReadAction, SearchAction, WebPage, WebSite",False,True,False,True,60,C,Add the city or service area to the title | Add a heading that asks the question the page answers | Add a five-question FAQ marked up as FAQPage | Add LocalBusiness schema with the office address | Add Review or AggregateRating schema from real Google reviews | Add contactPoint or a telephone to the Organization,5
https://goodsuite.com/blog/top-printers-for-churches-religious-organizations/,post,Top Printers for Churches & Religious Organizations - GoodSuite,63,False,Learn about the top printers for churches and religious organizations. Ensure quality communication with reliable printing solutions.,133,Top Printers for Churches & Religious Organizations,1,2,8,0,1146,19,0,107,20,https://goodsuite.com/blog/top-printers-for-churches-religious-organizations/,True,https://goodsuite.com/wp-content/uploads/2025/04/1100x400-good-suites-15.jpg,False,False,False,96,A,contact,16,False,False,False,True,True,"Article, BreadcrumbList, EntryPoint, ImageObject, ListItem, Organization, Person, PropertyValueSpecification, ReadAction, SearchAction, WebPage, WebSite",False,True,False,True,55,C,Rewrite the title to 30 to 60 characters | Add the city or service area to the title | Add a heading that asks the question the page answers | Add a five-question FAQ marked up as FAQPage | Add LocalBusiness schema with the office address | Add Review or AggregateRating schema from real Google reviews | Add contactPoint or a telephone to the Organization,6
https://goodsuite.com/blog/understanding-the-different-levels-of-managed-it-services/,post,Understanding the Different Levels of Managed IT Services,57,False,Explore the different levels of Managed IT Services and discover which level is right for your business needs and technology goals.,131,Understanding the Different Levels of Managed IT Services,1,2,8,2,1262,15,0,101,20,https://goodsuite.com/blog/understanding-the-different-levels-of-managed-it-services/,True,https://goodsuite.com/wp-content/uploads/2023/05/understanding-the-different-levels-of-managed-it-services.jpg,False,False,True,96,A,contact,16,False,False,False,True,True,"Article, BreadcrumbList, EntryPoint, ImageObject, ListItem, Organization, Person, PropertyValueSpecification, ReadAction, SearchAction, WebPage, WebSite",False,True,False,True,68,C,Add the city or service area to the title | Add a five-question FAQ marked up as FAQPage | Add LocalBusiness schema with the office address | Add Review or AggregateRating schema from real Google reviews | Add contactPoint or a telephone to the Organization,4
https://goodsuite.com/blog/what-actually-happens-during-a-cybersecurity-incident/,post,What Actually Happens During a Cybersecurity Incident - GoodSuite,65,False,"Most businesses believe that if something serious happens, someone will step in and handle it. That belief is one of the biggest reasons cybersecurity incidents become business disrupting events instead of contained technical issues.",233,What Actually Happens During a Cybersecurity Incident,1,2,8,1,1009,17,0,105,18,https://goodsuite.com/blog/what-actually-happens-during-a-cybersecurity-incident/,True,https://goodsuite.com/wp-content/uploads/2026/01/Threat-Detect.jpg,False,False,True,96,A,contact,16,False,False,False,True,True,"Article, BreadcrumbList, EntryPoint, ImageObject, ListItem, Organization, Person, PropertyValueSpecification, ReadAction, SearchAction, WebPage, WebSite",False,True,False,True,58,C,Rewrite the title to 30 to 60 characters | Add the city or service area to the title | Write a meta description of 70 to 160 characters | Add a five-question FAQ marked up as FAQPage | Add LocalBusiness schema with the office address | Add Review or AggregateRating schema from real Google reviews | Add contactPoint or a telephone to the Organization,6
https://goodsuite.com/blog/what-are-disaster-recovery-services/,post,What Are Disaster Recovery Services? Explained,46,False,"Learn what disaster recovery services are and how they protect your business from data loss, downtime, and cyber threats with fast, effective recovery plans.",157,What are Disaster Recovery Services?,1,2,8,3,1259,17,0,106,20,https://goodsuite.com/blog/what-are-disaster-recovery-services/,True,https://goodsuite.com/wp-content/uploads/2025/03/1100x400-good-suites2.jpg,False,False,False,96,A,contact,16,False,False,False,True,True,"Article, BreadcrumbList, EntryPoint, ImageObject, ListItem, Organization, Person, PropertyValueSpecification, ReadAction, SearchAction, WebPage, WebSite",False,True,False,True,68,C,Add the city or service area to the title | Add a five-question FAQ marked up as FAQPage | Add LocalBusiness schema with the office address | Add Review or AggregateRating schema from real Google reviews | Add contactPoint or a telephone to the Organization,4
https://goodsuite.com/blog/what-are-managed-it-services-2025/,post,What Are Managed IT Services? Explained Simply,46,False,"Learn what managed IT services are and how they support your business. Discover benefits like cost savings, security, and 24/7 expert tech support.",147,What Are Managed IT Services?,1,2,8,3,1377,15,0,102,21,https://goodsuite.com/blog/what-are-managed-it-services-2025/,True,https://goodsuite.com/wp-content/uploads/2025/04/1100x400-good-suites-8.jpg,False,False,True,96,A,contact,16,False,False,False,True,True,"Article, BreadcrumbList, EntryPoint, ImageObject, ListItem, Organization, Person, PropertyValueSpecification, ReadAction, SearchAction, WebPage, WebSite",False,True,False,True,68,C,Add the city or service area to the title | Add a five-question FAQ marked up as FAQPage | Add LocalBusiness schema with the office address | Add Review or AggregateRating schema from real Google reviews | Add contactPoint or a telephone to the Organization,4
https://goodsuite.com/blog/what-are-managed-it-services/,post,What are Managed IT Services? - GoodSuite,41,False,Find how managed IT services can enhance efficiency with insights from GoodSuite. Learn to optimize operations by outsourcing IT management. Visit our blog.,156,What are Managed IT Services?,1,2,8,3,1452,16,0,105,18,https://goodsuite.com/blog/what-are-managed-it-services/,True,https://goodsuite.com/wp-content/uploads/2024/05/What-are-Managed-IT-Services.jpg,False,False,True,96,A,contact,16,False,False,False,True,True,"Article, BreadcrumbList, EntryPoint, ImageObject, ListItem, Organization, Person, PropertyValueSpecification, ReadAction, SearchAction, WebPage, WebSite",False,True,False,True,68,C,Add the city or service area to the title | Add a five-question FAQ marked up as FAQPage | Add LocalBusiness schema with the office address | Add Review or AggregateRating schema from real Google reviews | Add contactPoint or a telephone to the Organization,4
https://goodsuite.com/blog/what-are-managed-print-services/,post,What are Managed Print Services Providers? - GoodSuite,54,False,"Managed print services providers optimize print operations, offering maintenance, support, and cost-saving solutions for businesses.",132,What are Managed Print Services?,1,2,8,2,1353,16,0,103,23,https://goodsuite.com/blog/what-are-managed-print-services/,True,https://goodsuite.com/wp-content/uploads/2023/07/goodsuite-How-to-Find-the-Right-Printer-for-Your-Business.jpg,False,False,True,96,A,contact,16,False,False,False,True,True,"Article, BreadcrumbList, EntryPoint, ImageObject, ListItem, Organization, Person, PropertyValueSpecification, ReadAction, SearchAction, WebPage, WebSite",False,True,False,True,68,C,Add the city or service area to the title | Add a five-question FAQ marked up as FAQPage | Add LocalBusiness schema with the office address | Add Review or AggregateRating schema from real Google reviews | Add contactPoint or a telephone to the Organization,4
https://goodsuite.com/blog/what-are-mfps-multi-function-printers/,post,What are MFPs (Multi-Function Printers)? - GoodSuite,52,False,Learn about multi-function printers and their capabilities. Discover how these devices meet your office’s printing needs effectively.,133,What are MFPs (Multi-Function Printers)?,1,2,8,4,1284,18,0,105,20,https://goodsuite.com/blog/what-are-mfps-multi-function-printers/,True,https://goodsuite.com/wp-content/uploads/2025/05/1100x400-good-suites-16.jpg,False,False,True,96,A,contact,16,False,False,False,True,True,"Article, BreadcrumbList, EntryPoint, ImageObject, ListItem, Organization, Person, PropertyValueSpecification, ReadAction, SearchAction, WebPage, WebSite",False,True,False,True,68,C,Add the city or service area to the title | Add a five-question FAQ marked up as FAQPage | Add LocalBusiness schema with the office address | Add Review or AggregateRating schema from real Google reviews | Add contactPoint or a telephone to the Organization,4
https://goodsuite.com/blog/what-are-multi-function-printers/,post,What are Multi-Function Printers? - GoodSuite,45,False,Discover what multi-function printers are and how they enhance efficiency by combining essential document-handling tasks in one machine.,136,What are Multi-Function Printers?,1,2,9,2,1332,18,0,105,18,https://goodsuite.com/blog/what-are-multi-function-printers/,True,https://goodsuite.com/wp-content/uploads/2025/06/featured-4.jpg,False,False,True,96,A,contact,16,False,False,False,True,True,"Article, BreadcrumbList, EntryPoint, ImageObject, ListItem, Organization, Person, PropertyValueSpecification, ReadAction, SearchAction, WebPage, WebSite",False,True,False,True,68,C,Add the city or service area to the title | Add a five-question FAQ marked up as FAQPage | Add LocalBusiness schema with the office address | Add Review or AggregateRating schema from real Google reviews | Add contactPoint or a telephone to the Organization,4
https://goodsuite.com/blog/what-can-you-gain-from-upgraded-cybersecurity/,post,What can you gain from upgraded cybersecurity? - GoodSuite,58,False,GoodSuite highlights the benefits of upgraded cybersecurity. Discover how to protect your business and enhance data security with our advanced solutions.,153,What can you gain from upgraded cybersecurity?,1,2,8,1,1394,15,0,101,21,https://goodsuite.com/blog/what-can-you-gain-from-upgraded-cybersecurity/,True,https://goodsuite.com/wp-content/uploads/2023/02/What-can-you-gain-from-upgraded-cybersecurity.jpg,False,False,False,96,A,contact,16,False,False,False,True,True,"Article, BreadcrumbList, EntryPoint, ImageObject, ListItem, Organization, Person, PropertyValueSpecification, ReadAction, SearchAction, WebPage, WebSite",False,True,False,True,68,C,Add the city or service area to the title | Add a five-question FAQ marked up as FAQPage | Add LocalBusiness schema with the office address | Add Review or AggregateRating schema from real Google reviews | Add contactPoint or a telephone to the Organization,4
https://goodsuite.com/blog/what-is-cyber-insurance-what-your-business-needs-to-know/,post,What Is Cyber Insurance? Key Facts for Your Business,52,False,"Cyber insurance protects businesses from data breaches, cyberattacks, and financial losses. Learn how it works and why your business needs coverage.",148,What is Cyber Insurance? What Your Business Needs to Know,1,2,8,3,1426,16,0,104,21,https://goodsuite.com/blog/what-is-cyber-insurance-what-your-business-needs-to-know/,True,https://goodsuite.com/wp-content/uploads/2025/03/1100x400-good-suites-1.jpg,False,False,False,96,A,contact,16,False,False,False,True,True,"Article, BlogPosting, BreadcrumbList, EntryPoint, ImageObject, ListItem, Organization, Person, PropertyValueSpecification, ReadAction, SearchAction, WebPage, WebSite",False,True,False,True,68,C,Add the city or service area to the title | Add a five-question FAQ marked up as FAQPage | Add LocalBusiness schema with the office address | Add Review or AggregateRating schema from real Google reviews | Add contactPoint or a telephone to the Organization,4
https://goodsuite.com/blog/what-is-hipaa-compliant-printing/,post,What is HIPAA-Compliant Printing?,33,False,HIPAA-compliant printing involves secure management of documents containing patient data to meet privacy and security regulations.,130,What is HIPAA-Compliant Printing?,1,2,8,1,1279,17,0,104,22,https://goodsuite.com/blog/what-is-hipaa-compliant-printing/,True,https://goodsuite.com/wp-content/uploads/2024/12/f-4.jpg,False,False,True,96,A,contact,16,False,False,False,True,True,"Article, BreadcrumbList, EntryPoint, ImageObject, ListItem, Organization, Person, PropertyValueSpecification, ReadAction, SearchAction, WebPage, WebSite",False,True,False,True,68,C,Add the city or service area to the title | Add a five-question FAQ marked up as FAQPage | Add LocalBusiness schema with the office address | Add Review or AggregateRating schema from real Google reviews | Add contactPoint or a telephone to the Organization,4
https://goodsuite.com/blog/what-is-pci-compliance/,post,What is PCI Compliance? - GoodSuite,35,False,Find out what PCI compliance entails and why it's important for your company. Visit GoodSuite for information and advice on reaching and sustaining compliance.,159,What is PCI Compliance?,1,2,8,2,1333,14,0,101,23,https://goodsuite.com/blog/what-is-pci-compliance/,True,https://goodsuite.com/wp-content/uploads/2024/06/What-is-PCI-Compliance.jpg,False,False,False,90,A,"contact, clean",16,False,False,False,True,True,"Article, BreadcrumbList, EntryPoint, ImageObject, ListItem, Organization, Person, PropertyValueSpecification, ReadAction, SearchAction, WebPage, WebSite",False,True,False,True,68,C,Add the city or service area to the title | Add a five-question FAQ marked up as FAQPage | Add LocalBusiness schema with the office address | Add Review or AggregateRating schema from real Google reviews | Add contactPoint or a telephone to the Organization | Remove empty and placeholder values from the markup,4
https://goodsuite.com/blog/what-is-phishing/,post,What is Phishing? - GoodSuite,29,False,"Phishing is a cybercrime that targets a business and its employees by sending malicious emails, phone calls, or texts.",118,What is Phishing?,1,3,9,3,1027,16,0,102,21,https://goodsuite.com/blog/what-is-phishing/,True,https://goodsuite.com/wp-content/uploads/2020/04/AI-CyberSecurity-Teaser-796x532-1.jpg,False,False,False,96,A,contact,16,False,False,False,True,True,"Article, BreadcrumbList, EntryPoint, ImageObject, ListItem, Organization, Person, PropertyValueSpecification, ReadAction, SearchAction, WebPage, WebSite",False,True,False,True,63,C,Rewrite the title to 30 to 60 characters | Add the city or service area to the title | Add a five-question FAQ marked up as FAQPage | Add LocalBusiness schema with the office address | Add Review or AggregateRating schema from real Google reviews | Add contactPoint or a telephone to the Organization,5
https://goodsuite.com/blog/what-is-ransomware-everything-you-need-to-know/,post,What is Ransomware? Everything You Need to Know - GoodSuite,59,False,What is ransomware and how can it effect your business? We will take an in-depth look at cyber criminal's biggest tool.,119,What is Ransomware? Everything You Need to Know,1,3,10,4,948,16,0,102,20,https://goodsuite.com/blog/what-is-ransomware-everything-you-need-to-know/,True,https://goodsuite.com/wp-content/uploads/2022/05/AdobeStock_448296059.jpeg,True,False,False,96,A,contact,16,False,False,False,True,True,"Article, BreadcrumbList, EntryPoint, ImageObject, ListItem, Organization, Person, PropertyValueSpecification, ReadAction, SearchAction, WebPage, WebSite",False,True,False,True,66,C,Add the city or service area to the title | Add a five-question FAQ marked up as FAQPage | Add LocalBusiness schema with the office address | Add Review or AggregateRating schema from real Google reviews | Set a branded share image (og:image) | Add contactPoint or a telephone to the Organization,5
https://goodsuite.com/blog/what-is-ransomware/,post,What is Ransomware? | GoodSuite,31,False,Understand ransomware from risks to solutions. Explore our comprehensive blog post insights and protection advice at GoodSuite. Reach out for more information.,159,What is Ransomware?,1,2,8,3,1121,16,0,103,22,https://goodsuite.com/blog/what-is-ransomware/,True,https://goodsuite.com/wp-content/uploads/2023/03/What-is-Ransomware.jpg,False,False,False,96,A,contact,16,False,False,False,True,True,"Article, BreadcrumbList, EntryPoint, ImageObject, ListItem, Organization, Person, PropertyValueSpecification, ReadAction, SearchAction, WebPage, WebSite",False,True,False,True,68,C,Add the city or service area to the title | Add a five-question FAQ marked up as FAQPage | Add LocalBusiness schema with the office address | Add Review or AggregateRating schema from real Google reviews | Add contactPoint or a telephone to the Organization,4
https://goodsuite.com/blog/what-lives-on-the-dark-web-how-to-protect-yourself/,post,What Lives on the Dark Web & How to Protect Yourself,52,False,Learn what lives on the dark web and how to protect yourself with GoodSuite. Discover essential tips to keep your data safe from cyber threats. Check it out!,157,What Lives on the Dark Web & How to Protect Yourself,1,2,8,2,1306,17,0,104,23,https://goodsuite.com/blog/what-lives-on-the-dark-web-how-to-protect-yourself/,True,https://goodsuite.com/wp-content/uploads/2023/01/darkweb.jpg,False,False,False,96,A,contact,16,False,False,False,True,True,"Article, BreadcrumbList, EntryPoint, ImageObject, ListItem, Organization, Person, PropertyValueSpecification, ReadAction, SearchAction, WebPage, WebSite",False,True,False,True,68,C,Add the city or service area to the title | Add a five-question FAQ marked up as FAQPage | Add LocalBusiness schema with the office address | Add Review or AggregateRating schema from real Google reviews | Add contactPoint or a telephone to the Organization,4
https://goodsuite.com/blog/whats-the-right-coating-for-printing/,post,What’s the Right Coating for Printing? - GoodSuite,50,False,"Print coat matters, but what is coating for printing? And why should you use it? We’ve got all of the answers for you.",118,What’s the Right Coating for Printing?,1,3,14,4,866,16,0,102,19,https://goodsuite.com/blog/whats-the-right-coating-for-printing/,True,https://goodsuite.com/wp-content/uploads/2020/09/Production-Printer.png,False,False,True,96,A,contact,16,False,False,False,True,True,"Article, BreadcrumbList, EntryPoint, ImageObject, ListItem, Organization, Person, PropertyValueSpecification, ReadAction, SearchAction, WebPage, WebSite",False,True,False,True,68,C,Add the city or service area to the title | Add a five-question FAQ marked up as FAQPage | Add LocalBusiness schema with the office address | Add Review or AggregateRating schema from real Google reviews | Add contactPoint or a telephone to the Organization,4
https://goodsuite.com/blog/when-should-i-get-print-services-for-my-business/,post,When Should I Get Print Services for My Business?,49,False,Timing is everything in print services for your business. Find out when to make the most impact. Expert insights await! Dive into this article to know more!,156,When Should I Get Print Services for My Business?,1,2,8,1,1135,17,0,105,21,https://goodsuite.com/blog/when-should-i-get-print-services-for-my-business/,True,https://goodsuite.com/wp-content/uploads/2023/09/when-get-it-services.jpg,False,False,True,96,A,contact,16,False,False,False,True,True,"Article, BreadcrumbList, EntryPoint, ImageObject, ListItem, Organization, Person, PropertyValueSpecification, ReadAction, SearchAction, WebPage, WebSite",False,True,False,True,68,C,Add the city or service area to the title | Add a five-question FAQ marked up as FAQPage | Add LocalBusiness schema with the office address | Add Review or AggregateRating schema from real Google reviews | Add contactPoint or a telephone to the Organization,4
https://goodsuite.com/blog/why-cybersecurity-is-a-business-issue/,post,"Why Cybersecurity Is a Business Issue, Not Just an IT Problem",61,False,"Learn why cybersecurity is a business issue that impacts finances, operations, customer trust, compliance, and long-term business growth.",137,"Why Cybersecurity Is a Business Issue, Not Just an IT Problem",1,10,21,10,2163,18,0,105,26,https://goodsuite.com/blog/why-cybersecurity-is-a-business-issue/,True,https://goodsuite.com/wp-content/uploads/2026/06/AdobeStock_2018554600.jpeg,True,False,True,87,A,"contact, dates",16,False,False,False,True,True,"Article, BreadcrumbList, EntryPoint, ImageObject, ListItem, Organization, Person, PropertyValueSpecification, ReadAction, SearchAction, WebPage, WebSite",False,True,False,True,61,C,Rewrite the title to 30 to 60 characters | Add the city or service area to the title | Add a five-question FAQ marked up as FAQPage | Add LocalBusiness schema with the office address | Add Review or AggregateRating schema from real Google reviews | Set a branded share image (og:image) | Add contactPoint or a telephone to the Organization | Add datePublished and dateModified,6
https://goodsuite.com/blog/why-does-your-business-need-cybersecurity/,post,Cybersecurity Strategy: Protect Your Business from Threats,58,False,"A cybersecurity strategy helps safeguard your business from cyber threats, protecting data and ensuring smooth operations.",122,Why Does Your Business Need Cybersecurity?,1,2,9,1,1011,16,0,104,23,https://goodsuite.com/blog/why-does-your-business-need-cybersecurity/,True,https://goodsuite.com/wp-content/uploads/2023/08/goodsuite-Why-Does-Your-Business-Need-Cybersecurity.jpg,False,False,False,96,A,contact,16,False,False,False,True,True,"Article, BreadcrumbList, EntryPoint, ImageObject, ListItem, Organization, Person, PropertyValueSpecification, ReadAction, SearchAction, WebPage, WebSite",False,True,False,True,68,C,Add the city or service area to the title | Add a five-question FAQ marked up as FAQPage | Add LocalBusiness schema with the office address | Add Review or AggregateRating schema from real Google reviews | Add contactPoint or a telephone to the Organization,4
https://goodsuite.com/blog/why-is-cybersecurity-so-important-for-your-business/,post,Why is Cybersecurity So Important for Your Business?,52,False,"In this guide, You will find out why cyber security is crucial for your business. Gain insights and learn how to secure your business against cyber threats.",156,Why is Cybersecurity So Important for Your Business?,1,2,8,2,1484,15,0,102,21,https://goodsuite.com/blog/why-is-cybersecurity-so-important-for-your-business/,True,https://goodsuite.com/wp-content/uploads/2024/04/Why-is-Cybersecurity-so-Important-for-Your-Business01.jpg,False,False,True,96,A,contact,16,False,False,False,True,True,"Article, BreadcrumbList, EntryPoint, ImageObject, ListItem, Organization, Person, PropertyValueSpecification, ReadAction, SearchAction, WebPage, WebSite",False,True,False,True,68,C,Add the city or service area to the title | Add a five-question FAQ marked up as FAQPage | Add LocalBusiness schema with the office address | Add Review or AggregateRating schema from real Google reviews | Add contactPoint or a telephone to the Organization,4
https://goodsuite.com/blog/why-microsoft-365-security-is-powerful/,post,Why Microsoft 365 Security Is Powerful - GoodSuite,50,False,"Many businesses assume that once they move to Microsoft 365, security is handled. That assumption is where risk quietly creeps in.",130,Why Microsoft 365 Security Is Powerful,1,2,8,3,1010,17,0,105,18,https://goodsuite.com/blog/why-microsoft-365-security-is-powerful/,True,https://goodsuite.com/wp-content/uploads/2026/02/cybersecurity-hero.jpg,False,False,True,96,A,contact,16,False,False,False,True,True,"Article, BreadcrumbList, EntryPoint, ImageObject, ListItem, Organization, Person, PropertyValueSpecification, ReadAction, SearchAction, WebPage, WebSite",False,True,False,True,68,C,Add the city or service area to the title | Add a five-question FAQ marked up as FAQPage | Add LocalBusiness schema with the office address | Add Review or AggregateRating schema from real Google reviews | Add contactPoint or a telephone to the Organization,4
https://goodsuite.com/blog/why-print-security-should-be-a-priority-at-your-business/,post,Why Print Security Should be a Priority at Your Business - GoodSuite,68,False,Discover the importance of print security in 2025. Find out why print security should be a priority at your business now.,121,Why Print Security Should be a Priority at Your Business,1,2,8,3,1340,18,0,104,20,https://goodsuite.com/blog/why-print-security-should-be-a-priority-at-your-business/,True,https://goodsuite.com/wp-content/uploads/2025/06/f-15.jpg,False,False,True,96,A,contact,16,False,False,False,True,True,"Article, BreadcrumbList, EntryPoint, ImageObject, ListItem, Organization, Person, PropertyValueSpecification, ReadAction, SearchAction, WebPage, WebSite",False,True,False,True,63,C,Rewrite the title to 30 to 60 characters | Add the city or service area to the title | Add a five-question FAQ marked up as FAQPage | Add LocalBusiness schema with the office address | Add Review or AggregateRating schema from real Google reviews | Add contactPoint or a telephone to the Organization,5
https://goodsuite.com/blog/why-use-it-services-at-your-business/,post,Why Use IT Services at Your Business? - GoodSuite,49,False,"In this blog, we are delving into why we use IT services in our business. How it helps us and our businesses incase of unforeseen circumstances. Check out now.",159,Why Use IT Services at Your Business?,1,2,8,3,1132,15,0,102,22,https://goodsuite.com/blog/why-use-it-services-at-your-business/,True,https://goodsuite.com/wp-content/uploads/2024/03/Why-Use-IT-Services-at-Your-Business-banner.jpg,False,False,False,96,A,contact,16,False,False,False,True,True,"Article, BreadcrumbList, EntryPoint, ImageObject, ListItem, Organization, Person, PropertyValueSpecification, ReadAction, SearchAction, WebPage, WebSite",False,True,False,True,68,C,Add the city or service area to the title | Add a five-question FAQ marked up as FAQPage | Add LocalBusiness schema with the office address | Add Review or AggregateRating schema from real Google reviews | Add contactPoint or a telephone to the Organization,4
https://goodsuite.com/blog/why-you-should-upgrade-your-office-copiers-printers/,post,Why You Should Upgrade Your Office Copiers & Printers - GoodSuite,65,False,Learn the benefits of upgrading your office copiers and printers. Save money and improve document management with new technology.,129,Why You Should Upgrade Your Office Copiers & Printers,1,2,8,2,670,13,0,103,18,https://goodsuite.com/blog/why-you-should-upgrade-your-office-copiers-printers/,True,,False,False,False,96,A,contact,15,False,False,False,True,True,"Article, BreadcrumbList, EntryPoint, ImageObject, ListItem, Organization, Person, PropertyValueSpecification, ReadAction, SearchAction, WebPage, WebSite",False,True,False,True,61,C,Rewrite the title to 30 to 60 characters | Add the city or service area to the title | Add a five-question FAQ marked up as FAQPage | Add LocalBusiness schema with the office address | Add Review or AggregateRating schema from real Google reviews | Set a branded share image (og:image) | Add contactPoint or a telephone to the Organization,6
https://goodsuite.com/book-a-meeting-for-av-digital-displays/,form,Book a Meeting for AV & Digital Displays - GoodSuite,52,False,,0,,0,0,0,0,78,0,0,29,5,https://goodsuite.com/book-a-meeting-for-av-digital-displays/,True,,False,False,False,45,D,"primary, provider, area, contact",11,False,False,False,False,True,"BreadcrumbList, EntryPoint, ImageObject, ListItem, Organization, PropertyValueSpecification, ReadAction, SearchAction, WebPage, WebSite",False,False,False,False,18,F,"Add the city or service area to the title | Write a meta description of 70 to 160 characters | Give the page exactly one H1 | Break the copy into two or more H2 sections | Add a heading that asks the question the page answers | Deepen to 300 words or more | Add a five-question FAQ marked up as FAQPage | Add Service schema (or Article schema on a post) | Add LocalBusiness schema with the office address | Add Review or AggregateRating schema from real Google reviews | Set a branded share image (og:image) | Put a form or a tap-to-call number on the page | Add the entity this page is about (Service, LocalBusiness, Article or Product) | Link this page's entity to the Organization (provider, publisher or parentOrganization) | Add areaServed or a postal address to the entity | Add contactPoint or a telephone to the Organization",12
https://goodsuite.com/book-a-meeting-for-backup-and-disaster-recovery/,form,Book a Meeting for Backup & Disaster Recovery - GoodSuite,57,False,,0,,0,0,0,0,78,0,0,29,5,https://goodsuite.com/book-a-meeting-for-backup-and-disaster-recovery/,True,,False,False,False,45,D,"primary, provider, area, contact",11,False,False,False,False,True,"BreadcrumbList, EntryPoint, ImageObject, ListItem, Organization, PropertyValueSpecification, ReadAction, SearchAction, WebPage, WebSite",False,False,False,False,18,F,"Add the city or service area to the title | Write a meta description of 70 to 160 characters | Give the page exactly one H1 | Break the copy into two or more H2 sections | Add a heading that asks the question the page answers | Deepen to 300 words or more | Add a five-question FAQ marked up as FAQPage | Add Service schema (or Article schema on a post) | Add LocalBusiness schema with the office address | Add Review or AggregateRating schema from real Google reviews | Set a branded share image (og:image) | Put a form or a tap-to-call number on the page | Add the entity this page is about (Service, LocalBusiness, Article or Product) | Link this page's entity to the Organization (provider, publisher or parentOrganization) | Add areaServed or a postal address to the entity | Add contactPoint or a telephone to the Organization",12
https://goodsuite.com/book-a-meeting-for-cloud-phone-systems/,form,Book a Meeting for Cloud Phone Systems - GoodSuite,50,False,,0,,0,0,0,0,78,0,0,29,5,https://goodsuite.com/book-a-meeting-for-cloud-phone-systems/,True,,False,False,False,45,D,"primary, provider, area, contact",11,False,False,False,False,True,"BreadcrumbList, EntryPoint, ImageObject, ListItem, Organization, PropertyValueSpecification, ReadAction, SearchAction, WebPage, WebSite",False,False,False,False,18,F,"Add the city or service area to the title | Write a meta description of 70 to 160 characters | Give the page exactly one H1 | Break the copy into two or more H2 sections | Add a heading that asks the question the page answers | Deepen to 300 words or more | Add a five-question FAQ marked up as FAQPage | Add Service schema (or Article schema on a post) | Add LocalBusiness schema with the office address | Add Review or AggregateRating schema from real Google reviews | Set a branded share image (og:image) | Put a form or a tap-to-call number on the page | Add the entity this page is about (Service, LocalBusiness, Article or Product) | Link this page's entity to the Organization (provider, publisher or parentOrganization) | Add areaServed or a postal address to the entity | Add contactPoint or a telephone to the Organization",12
https://goodsuite.com/book-a-meeting-for-cybersecurity/,form,Book a Meeting for Cybersecurity - GoodSuite,44,False,,0,,0,0,0,0,78,0,0,29,5,https://goodsuite.com/book-a-meeting-for-cybersecurity/,True,,False,False,False,45,D,"primary, provider, area, contact",11,False,False,False,False,True,"BreadcrumbList, EntryPoint, ImageObject, ListItem, Organization, PropertyValueSpecification, ReadAction, SearchAction, WebPage, WebSite",False,False,False,False,18,F,"Add the city or service area to the title | Write a meta description of 70 to 160 characters | Give the page exactly one H1 | Break the copy into two or more H2 sections | Add a heading that asks the question the page answers | Deepen to 300 words or more | Add a five-question FAQ marked up as FAQPage | Add Service schema (or Article schema on a post) | Add LocalBusiness schema with the office address | Add Review or AggregateRating schema from real Google reviews | Set a branded share image (og:image) | Put a form or a tap-to-call number on the page | Add the entity this page is about (Service, LocalBusiness, Article or Product) | Link this page's entity to the Organization (provider, publisher or parentOrganization) | Add areaServed or a postal address to the entity | Add contactPoint or a telephone to the Organization",12
https://goodsuite.com/book-a-meeting-for-managed-it/,form,Book a Meeting for Managed IT - GoodSuite,41,False,,0,,0,0,0,0,78,0,0,29,5,https://goodsuite.com/book-a-meeting-for-managed-it/,True,,False,False,False,45,D,"primary, provider, area, contact",11,False,False,False,False,True,"BreadcrumbList, EntryPoint, ImageObject, ListItem, Organization, PropertyValueSpecification, ReadAction, SearchAction, WebPage, WebSite",False,False,False,False,18,F,"Add the city or service area to the title | Write a meta description of 70 to 160 characters | Give the page exactly one H1 | Break the copy into two or more H2 sections | Add a heading that asks the question the page answers | Deepen to 300 words or more | Add a five-question FAQ marked up as FAQPage | Add Service schema (or Article schema on a post) | Add LocalBusiness schema with the office address | Add Review or AggregateRating schema from real Google reviews | Set a branded share image (og:image) | Put a form or a tap-to-call number on the page | Add the entity this page is about (Service, LocalBusiness, Article or Product) | Link this page's entity to the Organization (provider, publisher or parentOrganization) | Add areaServed or a postal address to the entity | Add contactPoint or a telephone to the Organization",12
https://goodsuite.com/book-a-meeting-for-managed-print/,form,Book a Meeting for Managed Print - GoodSuite,44,False,,0,,0,0,0,0,78,0,0,29,5,https://goodsuite.com/book-a-meeting-for-managed-print/,True,,False,False,False,45,D,"primary, provider, area, contact",11,False,False,False,False,True,"BreadcrumbList, EntryPoint, ImageObject, ListItem, Organization, PropertyValueSpecification, ReadAction, SearchAction, WebPage, WebSite",False,False,False,False,18,F,"Add the city or service area to the title | Write a meta description of 70 to 160 characters | Give the page exactly one H1 | Break the copy into two or more H2 sections | Add a heading that asks the question the page answers | Deepen to 300 words or more | Add a five-question FAQ marked up as FAQPage | Add Service schema (or Article schema on a post) | Add LocalBusiness schema with the office address | Add Review or AggregateRating schema from real Google reviews | Set a branded share image (og:image) | Put a form or a tap-to-call number on the page | Add the entity this page is about (Service, LocalBusiness, Article or Product) | Link this page's entity to the Organization (provider, publisher or parentOrganization) | Add areaServed or a postal address to the entity | Add contactPoint or a telephone to the Organization",12
https://goodsuite.com/book-a-meeting-for-printers-and-copiers/,form,Book a Meeting for Printers and Copiers - GoodSuite,51,False,,0,,0,0,0,0,78,0,0,29,5,https://goodsuite.com/book-a-meeting-for-printers-and-copiers/,True,,False,False,False,45,D,"primary, provider, area, contact",11,False,False,False,False,True,"BreadcrumbList, EntryPoint, ImageObject, ListItem, Organization, PropertyValueSpecification, ReadAction, SearchAction, WebPage, WebSite",False,False,False,False,18,F,"Add the city or service area to the title | Write a meta description of 70 to 160 characters | Give the page exactly one H1 | Break the copy into two or more H2 sections | Add a heading that asks the question the page answers | Deepen to 300 words or more | Add a five-question FAQ marked up as FAQPage | Add Service schema (or Article schema on a post) | Add LocalBusiness schema with the office address | Add Review or AggregateRating schema from real Google reviews | Set a branded share image (og:image) | Put a form or a tap-to-call number on the page | Add the entity this page is about (Service, LocalBusiness, Article or Product) | Link this page's entity to the Organization (provider, publisher or parentOrganization) | Add areaServed or a postal address to the entity | Add contactPoint or a telephone to the Organization",12
https://goodsuite.com/book-a-meeting-for-private-cloud/,form,Book a Meeting for Private Cloud - GoodSuite,44,False,,0,,0,0,0,0,78,0,0,29,5,https://goodsuite.com/book-a-meeting-for-private-cloud/,True,,False,False,False,45,D,"primary, provider, area, contact",11,False,False,False,False,True,"BreadcrumbList, EntryPoint, ImageObject, ListItem, Organization, PropertyValueSpecification, ReadAction, SearchAction, WebPage, WebSite",False,False,False,False,18,F,"Add the city or service area to the title | Write a meta description of 70 to 160 characters | Give the page exactly one H1 | Break the copy into two or more H2 sections | Add a heading that asks the question the page answers | Deepen to 300 words or more | Add a five-question FAQ marked up as FAQPage | Add Service schema (or Article schema on a post) | Add LocalBusiness schema with the office address | Add Review or AggregateRating schema from real Google reviews | Set a branded share image (og:image) | Put a form or a tap-to-call number on the page | Add the entity this page is about (Service, LocalBusiness, Article or Product) | Link this page's entity to the Organization (provider, publisher or parentOrganization) | Add areaServed or a postal address to the entity | Add contactPoint or a telephone to the Organization",12
https://goodsuite.com/book-a-meeting-for-production-print/,form,Book a Meeting for Production Print - GoodSuite,47,False,,0,,0,0,0,0,78,0,0,29,5,https://goodsuite.com/book-a-meeting-for-production-print/,True,,False,False,False,45,D,"primary, provider, area, contact",11,False,False,False,False,True,"BreadcrumbList, EntryPoint, ImageObject, ListItem, Organization, PropertyValueSpecification, ReadAction, SearchAction, WebPage, WebSite",False,False,False,False,18,F,"Add the city or service area to the title | Write a meta description of 70 to 160 characters | Give the page exactly one H1 | Break the copy into two or more H2 sections | Add a heading that asks the question the page answers | Deepen to 300 words or more | Add a five-question FAQ marked up as FAQPage | Add Service schema (or Article schema on a post) | Add LocalBusiness schema with the office address | Add Review or AggregateRating schema from real Google reviews | Set a branded share image (og:image) | Put a form or a tap-to-call number on the page | Add the entity this page is about (Service, LocalBusiness, Article or Product) | Link this page's entity to the Organization (provider, publisher or parentOrganization) | Add areaServed or a postal address to the entity | Add contactPoint or a telephone to the Organization",12
https://goodsuite.com/book-a-meeting-for-workflow-automations/,form,Book a Meeting for Workflow Automations - GoodSuite,51,False,,0,,0,0,0,0,78,0,0,29,5,https://goodsuite.com/book-a-meeting-for-workflow-automations/,True,,False,False,False,45,D,"primary, provider, area, contact",11,False,False,False,False,True,"BreadcrumbList, EntryPoint, ImageObject, ListItem, Organization, PropertyValueSpecification, ReadAction, SearchAction, WebPage, WebSite",False,False,False,False,18,F,"Add the city or service area to the title | Write a meta description of 70 to 160 characters | Give the page exactly one H1 | Break the copy into two or more H2 sections | Add a heading that asks the question the page answers | Deepen to 300 words or more | Add a five-question FAQ marked up as FAQPage | Add Service schema (or Article schema on a post) | Add LocalBusiness schema with the office address | Add Review or AggregateRating schema from real Google reviews | Set a branded share image (og:image) | Put a form or a tap-to-call number on the page | Add the entity this page is about (Service, LocalBusiness, Article or Product) | Link this page's entity to the Organization (provider, publisher or parentOrganization) | Add areaServed or a postal address to the entity | Add contactPoint or a telephone to the Organization",12
https://goodsuite.com/careers/,company,Careers - GoodSuite,19,False,Explore GoodSuite careers and join a team dedicated to innovation and community service. Apply today to build your future.,122,GoodSuite Careers,1,19,4,2,691,7,0,82,19,https://goodsuite.com/careers/,True,,False,False,False,71,B,"person, area, contact, about",11,False,False,False,False,True,"BreadcrumbList, EntryPoint, ImageObject, ListItem, Organization, PropertyValueSpecification, ReadAction, SearchAction, WebPage, WebSite",False,True,True,True,51,D,"Rewrite the title to 30 to 60 characters | Add the city or service area to the title | Add a five-question FAQ marked up as FAQPage | Add Service schema (or Article schema on a post) | Add LocalBusiness schema with the office address | Add Review or AggregateRating schema from real Google reviews | Set a branded share image (og:image) | Name the expert or author as a Person, with a URL that identifies them | Add areaServed or a postal address to the entity | Add contactPoint or a telephone to the Organization | Name what the page is about with about, mentions or serviceType",7
https://goodsuite.com/cartridge-recycling/,company,Cartridge Recycling - GoodSuite,31,False,Explore the importance of cartridge recycling for your office and the environment. Discover simple recycling solutions today.,125,Cartridge Recycling,1,12,9,6,492,12,0,84,30,https://goodsuite.com/cartridge-recycling/,True,,False,False,True,71,B,"person, area, contact, about",11,False,False,False,False,True,"BreadcrumbList, EntryPoint, ImageObject, ListItem, Organization, PropertyValueSpecification, ReadAction, SearchAction, WebPage, WebSite",False,True,False,True,56,C,"Add the city or service area to the title | Add a five-question FAQ marked up as FAQPage | Add Service schema (or Article schema on a post) | Add LocalBusiness schema with the office address | Add Review or AggregateRating schema from real Google reviews | Set a branded share image (og:image) | Name the expert or author as a Person, with a URL that identifies them | Add areaServed or a postal address to the entity | Add contactPoint or a telephone to the Organization | Name what the page is about with about, mentions or serviceType",6
https://goodsuite.com/case-studies/,company,Case Studies - GoodSuite,24,False,Uncover our Case Studies that highlight our commitment to community and client success through effective solutions.,115,Case Studies,1,3,14,4,383,11,0,101,18,https://goodsuite.com/case-studies/,True,,False,False,True,71,B,"person, area, contact, about",11,False,False,False,False,True,"BreadcrumbList, EntryPoint, ImageObject, ListItem, Organization, PropertyValueSpecification, ReadAction, SearchAction, WebPage, WebSite",False,True,False,True,51,D,"Rewrite the title to 30 to 60 characters | Add the city or service area to the title | Add a five-question FAQ marked up as FAQPage | Add Service schema (or Article schema on a post) | Add LocalBusiness schema with the office address | Add Review or AggregateRating schema from real Google reviews | Set a branded share image (og:image) | Name the expert or author as a Person, with a URL that identifies them | Add areaServed or a postal address to the entity | Add contactPoint or a telephone to the Organization | Name what the page is about with about, mentions or serviceType",7
https://goodsuite.com/case-studies/goodsuite-solutions-for-enhanced-efficiency-and-reliable-copier-solutions/,post,GoodSuite Solutions for Enhanced Efficiency and Reliable Copiers - GoodSuite,76,False,Learn how GoodSuite Solutions improved productivity and efficiency. This case study shares impactful results for business optimization.,135,Enhanced Efficiency with GoodSuite’s Reliable Copier Solutions,1,4,8,0,649,17,0,104,20,https://goodsuite.com/case-studies/goodsuite-solutions-for-enhanced-efficiency-and-reliable-copier-solutions/,True,https://goodsuite.com/wp-content/uploads/2024/11/MC.png,False,False,False,96,A,contact,16,False,False,False,True,True,"Article, BreadcrumbList, EntryPoint, ImageObject, ListItem, Organization, Person, PropertyValueSpecification, ReadAction, SearchAction, WebPage, WebSite",False,True,False,True,55,C,Rewrite the title to 30 to 60 characters | Add the city or service area to the title | Add a heading that asks the question the page answers | Add a five-question FAQ marked up as FAQPage | Add LocalBusiness schema with the office address | Add Review or AggregateRating schema from real Google reviews | Add contactPoint or a telephone to the Organization,6
https://goodsuite.com/case-studies/seamless-copier-upgrade-vendor-consolidation-with-goodsuite/,post,Copier Upgrade with GoodSuite: Seamless Vendor Consolidation - GoodSuite,72,False,Learn how GoodSuite enabled a seamless copier upgrade and vendor consolidation for streamlined operations and improved efficiency.,130,Seamless Copier Upgrade & Vendor Consolidation with GoodSuite,1,4,8,0,621,17,0,104,20,https://goodsuite.com/case-studies/seamless-copier-upgrade-vendor-consolidation-with-goodsuite/,True,https://goodsuite.com/wp-content/uploads/2024/11/AMG.jpeg,False,False,False,96,A,contact,16,False,False,False,True,True,"Article, BreadcrumbList, EntryPoint, ImageObject, ListItem, Organization, Person, PropertyValueSpecification, ReadAction, SearchAction, WebPage, WebSite",False,True,False,True,55,C,Rewrite the title to 30 to 60 characters | Add the city or service area to the title | Add a heading that asks the question the page answers | Add a five-question FAQ marked up as FAQPage | Add LocalBusiness schema with the office address | Add Review or AggregateRating schema from real Google reviews | Add contactPoint or a telephone to the Organization,6
https://goodsuite.com/case-studies/seamless-relocation-with-goodsuite-ensuring-operational-continuity/,post,Seamless Relocation Ensuring Operational Continuity - GoodSuite,63,False,"Discover how GoodSuite facilitated a seamless relocation, ensuring operational continuity and minimizing downtime.",114,Seamless Relocation with GoodSuite Ensuring Operational Continuity,1,4,8,0,597,17,0,104,20,https://goodsuite.com/case-studies/seamless-relocation-with-goodsuite-ensuring-operational-continuity/,True,https://goodsuite.com/wp-content/uploads/2024/11/LATC.jpg,False,False,False,96,A,contact,16,False,False,False,True,True,"Article, BreadcrumbList, EntryPoint, ImageObject, ListItem, Organization, Person, PropertyValueSpecification, ReadAction, SearchAction, WebPage, WebSite",False,True,False,True,55,C,Rewrite the title to 30 to 60 characters | Add the city or service area to the title | Add a heading that asks the question the page answers | Add a five-question FAQ marked up as FAQPage | Add LocalBusiness schema with the office address | Add Review or AggregateRating schema from real Google reviews | Add contactPoint or a telephone to the Organization,6
https://goodsuite.com/chqs-blog/3-benefits-of-an-on-site-printing-solution/,company,3 Benefits of an On-site Printing Solution - GoodSuite,54,False,,0,3 Benefits of an On-site Printing Solution,1,2,8,1,684,14,0,104,21,https://goodsuite.com/chqs-blog/3-benefits-of-an-on-site-printing-solution/,True,,False,False,False,78,B,"area, contact, about",15,False,False,False,True,True,"Article, BreadcrumbList, EntryPoint, ImageObject, ListItem, Organization, Person, PropertyValueSpecification, ReadAction, SearchAction, WebPage, WebSite",False,True,False,True,61,C,"Add the city or service area to the title | Write a meta description of 70 to 160 characters | Add a five-question FAQ marked up as FAQPage | Add LocalBusiness schema with the office address | Add Review or AggregateRating schema from real Google reviews | Set a branded share image (og:image) | Add areaServed or a postal address to the entity | Add contactPoint or a telephone to the Organization | Name what the page is about with about, mentions or serviceType",6
https://goodsuite.com/chqs-blog/3-ways-to-reduce-paper-consumption/,company,3 Ways to Reduce Paper Consumption - GoodSuite,46,False,,0,3 Ways to Reduce Paper Consumption,1,2,9,1,699,15,0,103,21,https://goodsuite.com/chqs-blog/3-ways-to-reduce-paper-consumption/,True,https://goodsuite.com/wp-content/uploads/2019/05/shutterstock_78865768.jpg,True,False,True,78,B,"area, contact, about",16,False,False,False,True,True,"Article, BreadcrumbList, EntryPoint, ImageObject, ListItem, Organization, Person, PropertyValueSpecification, ReadAction, SearchAction, WebPage, WebSite",False,True,False,True,61,C,"Add the city or service area to the title | Write a meta description of 70 to 160 characters | Add a five-question FAQ marked up as FAQPage | Add LocalBusiness schema with the office address | Add Review or AggregateRating schema from real Google reviews | Set a branded share image (og:image) | Add areaServed or a postal address to the entity | Add contactPoint or a telephone to the Organization | Name what the page is about with about, mentions or serviceType",6
https://goodsuite.com/chqs-blog/6-reasons-to-try-managed-it-services/,company,6 Reasons to Try Managed IT Services - GoodSuite,48,False,,0,6 Reasons to Try Managed IT Services,1,2,8,1,683,13,0,104,21,https://goodsuite.com/chqs-blog/6-reasons-to-try-managed-it-services/,True,,False,False,True,78,B,"area, contact, about",15,False,False,False,True,True,"Article, BreadcrumbList, EntryPoint, ImageObject, ListItem, Organization, Person, PropertyValueSpecification, ReadAction, SearchAction, WebPage, WebSite",False,True,False,True,61,C,"Add the city or service area to the title | Write a meta description of 70 to 160 characters | Add a five-question FAQ marked up as FAQPage | Add LocalBusiness schema with the office address | Add Review or AggregateRating schema from real Google reviews | Set a branded share image (og:image) | Add areaServed or a postal address to the entity | Add contactPoint or a telephone to the Organization | Name what the page is about with about, mentions or serviceType",6
https://goodsuite.com/chqs-blog/can-you-trust-your-business-files-to-cloud-based-file-sharing-solutions/,company,Can You Trust Your Business Files to Cloud-Based File Sharing Solutions? - GoodSuite,84,False,,0,Can You Trust Your Business Files to Cloud-Based File Sharing Solutions?,1,2,9,2,683,14,0,107,21,https://goodsuite.com/chqs-blog/can-you-trust-your-business-files-to-cloud-based-file-sharing-solutions/,True,,False,False,True,78,B,"area, contact, about",15,False,False,False,True,True,"Article, BreadcrumbList, EntryPoint, ImageObject, ListItem, Organization, Person, PropertyValueSpecification, ReadAction, SearchAction, WebPage, WebSite",False,True,False,True,56,C,"Rewrite the title to 30 to 60 characters | Add the city or service area to the title | Write a meta description of 70 to 160 characters | Add a five-question FAQ marked up as FAQPage | Add LocalBusiness schema with the office address | Add Review or AggregateRating schema from real Google reviews | Set a branded share image (og:image) | Add areaServed or a postal address to the entity | Add contactPoint or a telephone to the Organization | Name what the page is about with about, mentions or serviceType",7
https://goodsuite.com/chqs-blog/copy-machine-sales-los-angeles/,company,Copy Machine Sales Los Angeles - GoodSuite,42,True,,0,Copy Machine Sales Los Angeles,2,3,9,1,706,15,0,101,26,https://goodsuite.com/chqs-blog/copy-machine-sales-los-angeles/,True,https://goodsuite.com/wp-content/uploads/2019/05/6fd7c434-1caf-11e8-8823-008cfa092f90-1.png,False,False,False,78,B,"area, contact, about",16,False,False,False,True,True,"Article, BreadcrumbList, EntryPoint, ImageObject, ListItem, Organization, Person, PropertyValueSpecification, ReadAction, SearchAction, WebPage, WebSite",False,True,False,True,66,C,"Write a meta description of 70 to 160 characters | Give the page exactly one H1 | Add a five-question FAQ marked up as FAQPage | Add LocalBusiness schema with the office address | Add Review or AggregateRating schema from real Google reviews | Add areaServed or a postal address to the entity | Add contactPoint or a telephone to the Organization | Name what the page is about with about, mentions or serviceType",5
https://goodsuite.com/chqs-blog/is-your-company-prepared-for-disaster/,company,Is Your Company Prepared for Disaster? - GoodSuite,50,False,,0,Is Your Company Prepared for Disaster?,1,2,9,2,711,13,0,106,21,https://goodsuite.com/chqs-blog/is-your-company-prepared-for-disaster/,True,,False,False,False,72,B,"area, contact, about, clean",15,False,False,False,True,True,"Article, BreadcrumbList, EntryPoint, ImageObject, ListItem, Organization, Person, PropertyValueSpecification, ReadAction, SearchAction, WebPage, WebSite",False,True,False,True,61,C,"Add the city or service area to the title | Write a meta description of 70 to 160 characters | Add a five-question FAQ marked up as FAQPage | Add LocalBusiness schema with the office address | Add Review or AggregateRating schema from real Google reviews | Set a branded share image (og:image) | Add areaServed or a postal address to the entity | Add contactPoint or a telephone to the Organization | Name what the page is about with about, mentions or serviceType | Remove empty and placeholder values from the markup",6
https://goodsuite.com/chqs-blog/operation-gratitude/,company,Operation Gratitude - GoodSuite,31,False,,0,Operation Gratitude,1,2,8,0,695,17,0,107,19,https://goodsuite.com/chqs-blog/operation-gratitude/,True,https://goodsuite.com/wp-content/uploads/2019/05/Operation-Gratitude-and-CHQS.jpg,False,False,False,78,B,"area, contact, about",16,False,False,False,True,True,"Article, BreadcrumbList, EntryPoint, ImageObject, ListItem, Organization, Person, PropertyValueSpecification, ReadAction, SearchAction, WebPage, WebSite",False,True,False,True,55,C,"Add the city or service area to the title | Write a meta description of 70 to 160 characters | Add a heading that asks the question the page answers | Add a five-question FAQ marked up as FAQPage | Add LocalBusiness schema with the office address | Add Review or AggregateRating schema from real Google reviews | Add areaServed or a postal address to the entity | Add contactPoint or a telephone to the Organization | Name what the page is about with about, mentions or serviceType",6
https://goodsuite.com/chqs-blog/printing-solutions-agoura-hills/,company,Printing Solutions Agoura Hills - GoodSuite,43,False,,0,Printing Solutions Agoura Hills,2,3,9,1,682,16,0,106,26,https://goodsuite.com/chqs-blog/printing-solutions-agoura-hills/,True,https://goodsuite.com/wp-content/uploads/2019/05/CHQS-Logo.png,False,False,False,78,B,"area, contact, about",16,False,False,False,True,True,"Article, BreadcrumbList, EntryPoint, ImageObject, ListItem, Organization, Person, PropertyValueSpecification, ReadAction, SearchAction, WebPage, WebSite",False,True,False,True,58,C,"Add the city or service area to the title | Write a meta description of 70 to 160 characters | Give the page exactly one H1 | Add a five-question FAQ marked up as FAQPage | Add LocalBusiness schema with the office address | Add Review or AggregateRating schema from real Google reviews | Add areaServed or a postal address to the entity | Add contactPoint or a telephone to the Organization | Name what the page is about with about, mentions or serviceType",6
https://goodsuite.com/chqs-blog/protect-your-intellectual-property-with-a-document-management-system/,company,Protect Your Intellectual Property With a Document Management System - GoodSuite,80,False,,0,Protect Your Intellectual Property With a Document Management System,1,2,9,1,694,17,0,105,21,https://goodsuite.com/chqs-blog/protect-your-intellectual-property-with-a-document-management-system/,True,https://goodsuite.com/wp-content/uploads/2019/05/shutterstock_656073358-scaled-1.jpg,True,False,False,78,B,"area, contact, about",16,False,False,False,True,True,"Article, BreadcrumbList, EntryPoint, ImageObject, ListItem, Organization, Person, PropertyValueSpecification, ReadAction, SearchAction, WebPage, WebSite",False,True,False,True,56,C,"Rewrite the title to 30 to 60 characters | Add the city or service area to the title | Write a meta description of 70 to 160 characters | Add a five-question FAQ marked up as FAQPage | Add LocalBusiness schema with the office address | Add Review or AggregateRating schema from real Google reviews | Set a branded share image (og:image) | Add areaServed or a postal address to the entity | Add contactPoint or a telephone to the Organization | Name what the page is about with about, mentions or serviceType",7
https://goodsuite.com/chqs-blog/protect-your-network-from-threats-with-managed-it-services/,company,Protect Your Network from Threats with Managed IT Services - GoodSuite,70,False,,0,Protect Your Network from Threats with Managed IT Services,1,2,9,0,679,17,0,105,21,https://goodsuite.com/chqs-blog/protect-your-network-from-threats-with-managed-it-services/,True,https://goodsuite.com/wp-content/uploads/2019/05/shutterstock_469373837.jpg,True,False,False,78,B,"area, contact, about",16,False,False,False,True,True,"Article, BreadcrumbList, EntryPoint, ImageObject, ListItem, Organization, Person, PropertyValueSpecification, ReadAction, SearchAction, WebPage, WebSite",False,True,False,True,48,D,"Rewrite the title to 30 to 60 characters | Add the city or service area to the title | Write a meta description of 70 to 160 characters | Add a heading that asks the question the page answers | Add a five-question FAQ marked up as FAQPage | Add LocalBusiness schema with the office address | Add Review or AggregateRating schema from real Google reviews | Set a branded share image (og:image) | Add areaServed or a postal address to the entity | Add contactPoint or a telephone to the Organization | Name what the page is about with about, mentions or serviceType",8
https://goodsuite.com/chqs-blog/the-benefits-of-short-term-copier-rentals/,company,The Benefits of Short-Term Copier Rentals - GoodSuite,53,False,,0,The Benefits of Short-Term Copier Rentals,1,2,8,1,677,14,0,106,21,https://goodsuite.com/chqs-blog/the-benefits-of-short-term-copier-rentals/,True,,False,False,False,78,B,"area, contact, about",15,False,False,False,True,True,"Article, BreadcrumbList, EntryPoint, ImageObject, ListItem, Organization, Person, PropertyValueSpecification, ReadAction, SearchAction, WebPage, WebSite",False,True,False,True,61,C,"Add the city or service area to the title | Write a meta description of 70 to 160 characters | Add a five-question FAQ marked up as FAQPage | Add LocalBusiness schema with the office address | Add Review or AggregateRating schema from real Google reviews | Set a branded share image (og:image) | Add areaServed or a postal address to the entity | Add contactPoint or a telephone to the Organization | Name what the page is about with about, mentions or serviceType",6
https://goodsuite.com/chqs-blog/why-leasing-your-copiers-is-a-smart-business-move/,company,Why Leasing Your Copiers is a Smart Business Move - GoodSuite,61,False,,0,Why Leasing Your Copiers is a Smart Business Move,1,2,8,1,710,16,0,103,21,https://goodsuite.com/chqs-blog/why-leasing-your-copiers-is-a-smart-business-move/,True,https://goodsuite.com/wp-content/uploads/2019/05/shutterstock_546452908.jpg,True,False,False,78,B,"area, contact, about",16,False,False,False,True,True,"Article, BreadcrumbList, EntryPoint, ImageObject, ListItem, Organization, Person, PropertyValueSpecification, ReadAction, SearchAction, WebPage, WebSite",False,True,False,True,56,C,"Rewrite the title to 30 to 60 characters | Add the city or service area to the title | Write a meta description of 70 to 160 characters | Add a five-question FAQ marked up as FAQPage | Add LocalBusiness schema with the office address | Add Review or AggregateRating schema from real Google reviews | Set a branded share image (og:image) | Add areaServed or a postal address to the entity | Add contactPoint or a telephone to the Organization | Name what the page is about with about, mentions or serviceType",7
https://goodsuite.com/chqs-blog/why-your-small-business-needs-electronic-document-management/,company,Why Your Small Business Needs Electronic Document Management - GoodSuite,72,False,,0,Why Your Small Business Needs Electronic Document Management,1,2,9,1,685,17,0,106,21,https://goodsuite.com/chqs-blog/why-your-small-business-needs-electronic-document-management/,True,https://goodsuite.com/wp-content/uploads/2019/05/shutterstock_414102526.jpg,True,False,False,78,B,"area, contact, about",16,False,False,False,True,True,"Article, BreadcrumbList, EntryPoint, ImageObject, ListItem, Organization, Person, PropertyValueSpecification, ReadAction, SearchAction, WebPage, WebSite",False,True,False,True,56,C,"Rewrite the title to 30 to 60 characters | Add the city or service area to the title | Write a meta description of 70 to 160 characters | Add a five-question FAQ marked up as FAQPage | Add LocalBusiness schema with the office address | Add Review or AggregateRating schema from real Google reviews | Set a branded share image (og:image) | Add areaServed or a postal address to the entity | Add contactPoint or a telephone to the Organization | Name what the page is about with about, mentions or serviceType",7
https://goodsuite.com/chqs-news/chqs-acquires-office-machine-specialists/,company,CHQS Acquires Office Machine Specialists - GoodSuite,52,False,,0,CHQS Acquires Office Machine Specialists,2,2,8,0,599,15,0,99,18,https://goodsuite.com/chqs-news/chqs-acquires-office-machine-specialists/,True,https://goodsuite.com/wp-content/uploads/2019/05/agreement-business-businessmen-886465-scaled-1.jpg,False,False,False,78,B,"area, contact, about",16,False,False,False,True,True,"Article, BreadcrumbList, EntryPoint, ImageObject, ListItem, Organization, Person, PropertyValueSpecification, ReadAction, SearchAction, WebPage, WebSite",False,True,False,True,50,D,"Add the city or service area to the title | Write a meta description of 70 to 160 characters | Give the page exactly one H1 | Add a heading that asks the question the page answers | Add a five-question FAQ marked up as FAQPage | Add LocalBusiness schema with the office address | Add Review or AggregateRating schema from real Google reviews | Add areaServed or a postal address to the entity | Add contactPoint or a telephone to the Organization | Name what the page is about with about, mentions or serviceType",7
https://goodsuite.com/chqs-news/chqs-celebrates-its-20th-anniversary/,company,CHQS CELEBRATES ITS 20TH ANNIVERSARY - GoodSuite,48,False,,0,CHQS CELEBRATES ITS 20TH ANNIVERSARY,2,4,7,0,591,16,0,99,31,https://goodsuite.com/chqs-news/chqs-celebrates-its-20th-anniversary/,True,https://goodsuite.com/wp-content/uploads/2019/05/490A5620.jpg,False,False,False,78,B,"area, contact, about",16,False,False,False,True,True,"Article, BreadcrumbList, EntryPoint, ImageObject, ListItem, Organization, Person, PropertyValueSpecification, ReadAction, SearchAction, WebPage, WebSite",False,True,False,True,50,D,"Add the city or service area to the title | Write a meta description of 70 to 160 characters | Give the page exactly one H1 | Add a heading that asks the question the page answers | Add a five-question FAQ marked up as FAQPage | Add LocalBusiness schema with the office address | Add Review or AggregateRating schema from real Google reviews | Add areaServed or a postal address to the entity | Add contactPoint or a telephone to the Organization | Name what the page is about with about, mentions or serviceType",7
https://goodsuite.com/chqs-news/chqs-celebrates-the-holidays-by-giving-back/,company,CHQS CELEBRATES THE HOLIDAYS BY GIVING BACK - GoodSuite,55,False,,0,CHQS CELEBRATES THE HOLIDAYS BY GIVING BACK,1,4,8,0,393,16,0,99,18,https://goodsuite.com/chqs-news/chqs-celebrates-the-holidays-by-giving-back/,True,https://goodsuite.com/wp-content/uploads/2019/05/ball-blur-bright-247972-scaled-1.jpg,False,False,False,78,B,"area, contact, about",16,False,False,False,True,True,"Article, BreadcrumbList, EntryPoint, ImageObject, ListItem, Organization, Person, PropertyValueSpecification, ReadAction, SearchAction, WebPage, WebSite",False,True,False,True,55,C,"Add the city or service area to the title | Write a meta description of 70 to 160 characters | Add a heading that asks the question the page answers | Add a five-question FAQ marked up as FAQPage | Add LocalBusiness schema with the office address | Add Review or AggregateRating schema from real Google reviews | Add areaServed or a postal address to the entity | Add contactPoint or a telephone to the Organization | Name what the page is about with about, mentions or serviceType",6
https://goodsuite.com/community/,company,Community - GoodSuite,21,False,Explore how giving back is part of who we are and our commitment to supporting communities through meaningful contributions.,124,Giving Back Is Part of Who We Are,1,7,4,0,370,11,0,82,19,https://goodsuite.com/community/,True,,False,False,False,71,B,"person, area, contact, about",11,False,False,False,False,True,"BreadcrumbList, EntryPoint, ImageObject, ListItem, Organization, PropertyValueSpecification, ReadAction, SearchAction, WebPage, WebSite",False,True,True,True,43,D,"Rewrite the title to 30 to 60 characters | Add the city or service area to the title | Add a heading that asks the question the page answers | Add a five-question FAQ marked up as FAQPage | Add Service schema (or Article schema on a post) | Add LocalBusiness schema with the office address | Add Review or AggregateRating schema from real Google reviews | Set a branded share image (og:image) | Name the expert or author as a Person, with a URL that identifies them | Add areaServed or a postal address to the entity | Add contactPoint or a telephone to the Organization | Name what the page is about with about, mentions or serviceType",8
https://goodsuite.com/complimentary-microsoft-365-security-snapshot/,company,Complimentary Microsoft 365 Security Snapshot Report - GoodSuite,64,False,,0,,0,3,6,1,242,6,0,82,18,https://goodsuite.com/complimentary-microsoft-365-security-snapshot/,True,,False,False,False,71,B,"person, area, contact, about",11,False,False,False,False,True,"BreadcrumbList, EntryPoint, ImageObject, ListItem, Organization, PropertyValueSpecification, ReadAction, SearchAction, WebPage, WebSite",False,True,False,True,31,F,"Rewrite the title to 30 to 60 characters | Add the city or service area to the title | Write a meta description of 70 to 160 characters | Give the page exactly one H1 | Deepen to 300 words or more | Add a five-question FAQ marked up as FAQPage | Add Service schema (or Article schema on a post) | Add LocalBusiness schema with the office address | Add Review or AggregateRating schema from real Google reviews | Set a branded share image (og:image) | Name the expert or author as a Person, with a URL that identifies them | Add areaServed or a postal address to the entity | Add contactPoint or a telephone to the Organization | Name what the page is about with about, mentions or serviceType",10
https://goodsuite.com/contact/,company,Contact - GoodSuite,19,False,Start a conversation with us today! Contact us for expert insights and support tailored to your technology requirements.,120,Start A Conversation,1,1,12,0,333,8,1,86,22,https://goodsuite.com/contact/,True,,False,False,False,71,B,"person, area, contact, about",11,False,False,False,False,True,"BreadcrumbList, EntryPoint, ImageObject, ListItem, Organization, PropertyValueSpecification, ReadAction, SearchAction, WebPage, WebSite",False,True,False,True,34,F,"Rewrite the title to 30 to 60 characters | Add the city or service area to the title | Break the copy into two or more H2 sections | Add a heading that asks the question the page answers | Alt text on every image | Add a five-question FAQ marked up as FAQPage | Add Service schema (or Article schema on a post) | Add LocalBusiness schema with the office address | Add Review or AggregateRating schema from real Google reviews | Set a branded share image (og:image) | Name the expert or author as a Person, with a URL that identifies them | Add areaServed or a postal address to the entity | Add contactPoint or a telephone to the Organization | Name what the page is about with about, mentions or serviceType",10
https://goodsuite.com/cybersecurity-book-meeting/,form,Managed Cybersecurity Services in California | GoodSuite,56,True,"Protect your business with expert Managed Cybersecurity Services in California. Secure your data, networks, and operations with confidence. Learn more today.",157,Cybersecurity,1,8,19,7,942,16,0,84,21,https://goodsuite.com/cybersecurity-book-meeting/,True,,False,False,True,45,D,"primary, provider, area, contact",11,False,False,False,False,True,"BreadcrumbList, EntryPoint, ImageObject, ListItem, Organization, PropertyValueSpecification, ReadAction, SearchAction, WebPage, WebSite",False,True,False,True,64,C,"Add a five-question FAQ marked up as FAQPage | Add Service schema (or Article schema on a post) | Add LocalBusiness schema with the office address | Add Review or AggregateRating schema from real Google reviews | Set a branded share image (og:image) | Add the entity this page is about (Service, LocalBusiness, Article or Product) | Link this page's entity to the Organization (provider, publisher or parentOrganization) | Add areaServed or a postal address to the entity | Add contactPoint or a telephone to the Organization",5
https://goodsuite.com/cybersecurity/,service,Managed Cybersecurity Services in California | GoodSuite,56,True,"Protect your business with expert Managed Cybersecurity Services in California. Secure your data, networks, and operations with confidence. Learn more today.",157,Cybersecurity,1,8,19,7,942,16,0,87,18,https://goodsuite.com/cybersecurity/,True,,False,False,True,48,D,"primary, provider, area, contact, about",11,False,False,False,False,True,"BreadcrumbList, EntryPoint, ImageObject, ListItem, Organization, PropertyValueSpecification, ReadAction, SearchAction, WebPage, WebSite",False,True,False,True,64,C,"Add a five-question FAQ marked up as FAQPage | Add Service schema (or Article schema on a post) | Add LocalBusiness schema with the office address | Add Review or AggregateRating schema from real Google reviews | Set a branded share image (og:image) | Add the entity this page is about (Service, LocalBusiness, Article or Product) | Link this page's entity to the Organization (provider, publisher or parentOrganization) | Add areaServed or a postal address to the entity | Add contactPoint or a telephone to the Organization | Name what the page is about with about, mentions or serviceType",5
https://goodsuite.com/drivers-and-manuals/,company,Drivers & Manuals - GoodSuite,29,False,Find and download all the necessary drivers and manuals from our comprehensive list. Get started now!,101,Drivers & Manuals,1,2,4,0,181,11,0,82,24,https://goodsuite.com/drivers-and-manuals/,True,,False,False,False,71,B,"person, area, contact, about",11,False,False,False,False,True,"BreadcrumbList, EntryPoint, ImageObject, ListItem, Organization, PropertyValueSpecification, ReadAction, SearchAction, WebPage, WebSite",False,True,False,True,33,F,"Rewrite the title to 30 to 60 characters | Add the city or service area to the title | Add a heading that asks the question the page answers | Deepen to 300 words or more | Add a five-question FAQ marked up as FAQPage | Add Service schema (or Article schema on a post) | Add LocalBusiness schema with the office address | Add Review or AggregateRating schema from real Google reviews | Set a branded share image (og:image) | Name the expert or author as a Person, with a URL that identifies them | Add areaServed or a postal address to the entity | Add contactPoint or a telephone to the Organization | Name what the page is about with about, mentions or serviceType",9
https://goodsuite.com/executive-leadership/,company,Executive Leadership - GoodSuite,32,False,Discover how executive leadership at Goodsuite involves a commitment to customer service and the importance of a strong team.,125,Executive Leadership,1,2,18,0,1978,19,1,82,31,https://goodsuite.com/executive-leadership/,True,,False,False,False,71,B,"person, area, contact, about",11,False,False,False,False,True,"BreadcrumbList, EntryPoint, ImageObject, ListItem, Organization, PropertyValueSpecification, ReadAction, SearchAction, WebPage, WebSite",False,True,False,True,44,D,"Add the city or service area to the title | Add a heading that asks the question the page answers | Alt text on every image | Add a five-question FAQ marked up as FAQPage | Add Service schema (or Article schema on a post) | Add LocalBusiness schema with the office address | Add Review or AggregateRating schema from real Google reviews | Set a branded share image (og:image) | Name the expert or author as a Person, with a URL that identifies them | Add areaServed or a postal address to the entity | Add contactPoint or a telephone to the Organization | Name what the page is about with about, mentions or serviceType",8
https://goodsuite.com/faq/,company,FAQ - GoodSuite,15,False,Have questions? Explore our FAQ to learn about GoodSuite's services and how we simplify your technology environment.,116,FAQ,1,10,22,19,672,5,1,84,18,https://goodsuite.com/faq/,True,,False,False,True,71,B,"person, area, contact, about",11,False,False,False,False,True,"BreadcrumbList, EntryPoint, ImageObject, ListItem, Organization, PropertyValueSpecification, ReadAction, SearchAction, WebPage, WebSite",False,True,False,True,47,D,"Rewrite the title to 30 to 60 characters | Add the city or service area to the title | Alt text on every image | Add a five-question FAQ marked up as FAQPage | Add Service schema (or Article schema on a post) | Add LocalBusiness schema with the office address | Add Review or AggregateRating schema from real Google reviews | Set a branded share image (og:image) | Name the expert or author as a Person, with a URL that identifies them | Add areaServed or a postal address to the entity | Add contactPoint or a telephone to the Organization | Name what the page is about with about, mentions or serviceType",8
https://goodsuite.com/forms/choose-machine-thank-you/,company,Choose Machine Thank You - GoodSuite,36,False,,0,Choose Machine Thank You,1,2,8,0,380,11,0,101,18,https://goodsuite.com/forms/choose-machine-thank-you/,True,,False,False,False,78,B,"area, contact, about",15,False,False,False,True,True,"Article, BreadcrumbList, EntryPoint, ImageObject, ListItem, Organization, Person, PropertyValueSpecification, ReadAction, SearchAction, WebPage, WebSite",False,True,False,True,53,D,"Add the city or service area to the title | Write a meta description of 70 to 160 characters | Add a heading that asks the question the page answers | Add a five-question FAQ marked up as FAQPage | Add LocalBusiness schema with the office address | Add Review or AggregateRating schema from real Google reviews | Set a branded share image (og:image) | Add areaServed or a postal address to the entity | Add contactPoint or a telephone to the Organization | Name what the page is about with about, mentions or serviceType",7
https://goodsuite.com/forms/choose-machine/,company,Choose Machine - GoodSuite,26,False,,0,Choose Machine,1,2,8,0,354,11,0,101,18,https://goodsuite.com/forms/choose-machine/,True,,False,False,False,78,B,"area, contact, about",15,False,False,False,True,True,"Article, BreadcrumbList, EntryPoint, ImageObject, ListItem, Organization, Person, PropertyValueSpecification, ReadAction, SearchAction, WebPage, WebSite",False,True,False,True,48,D,"Rewrite the title to 30 to 60 characters | Add the city or service area to the title | Write a meta description of 70 to 160 characters | Add a heading that asks the question the page answers | Add a five-question FAQ marked up as FAQPage | Add LocalBusiness schema with the office address | Add Review or AggregateRating schema from real Google reviews | Set a branded share image (og:image) | Add areaServed or a postal address to the entity | Add contactPoint or a telephone to the Organization | Name what the page is about with about, mentions or serviceType",8
https://goodsuite.com/forms/consultation-request-thank-you/,form,Consultation Request Thank You - GoodSuite,42,False,,0,Consultation Request Thank You,1,2,8,0,373,11,0,101,18,https://goodsuite.com/forms/consultation-request-thank-you/,True,,False,False,False,45,D,"primary, provider, area, contact",15,False,False,False,True,True,"Article, BreadcrumbList, EntryPoint, ImageObject, ListItem, Organization, Person, PropertyValueSpecification, ReadAction, SearchAction, WebPage, WebSite",False,True,False,True,53,D,"Add the city or service area to the title | Write a meta description of 70 to 160 characters | Add a heading that asks the question the page answers | Add a five-question FAQ marked up as FAQPage | Add LocalBusiness schema with the office address | Add Review or AggregateRating schema from real Google reviews | Set a branded share image (og:image) | Add the entity this page is about (Service, LocalBusiness, Article or Product) | Link this page's entity to the Organization (provider, publisher or parentOrganization) | Add areaServed or a postal address to the entity | Add contactPoint or a telephone to the Organization",7
https://goodsuite.com/forms/consultation-request/,form,Consultation Request - GoodSuite,32,False,,0,Consultation Request,1,2,8,0,356,11,0,101,18,https://goodsuite.com/forms/consultation-request/,True,,False,False,False,45,D,"primary, provider, area, contact",15,False,False,False,True,True,"Article, BreadcrumbList, EntryPoint, ImageObject, ListItem, Organization, Person, PropertyValueSpecification, ReadAction, SearchAction, WebPage, WebSite",False,True,False,True,53,D,"Add the city or service area to the title | Write a meta description of 70 to 160 characters | Add a heading that asks the question the page answers | Add a five-question FAQ marked up as FAQPage | Add LocalBusiness schema with the office address | Add Review or AggregateRating schema from real Google reviews | Set a branded share image (og:image) | Add the entity this page is about (Service, LocalBusiness, Article or Product) | Link this page's entity to the Organization (provider, publisher or parentOrganization) | Add areaServed or a postal address to the entity | Add contactPoint or a telephone to the Organization",7
https://goodsuite.com/forms/demo-request-thank-you/,form,Demo Request Thank You - GoodSuite,34,False,,0,Demo Request Thank You,1,2,8,0,365,11,0,101,18,https://goodsuite.com/forms/demo-request-thank-you/,True,,False,False,False,45,D,"primary, provider, area, contact",15,False,False,False,True,True,"Article, BreadcrumbList, EntryPoint, ImageObject, ListItem, Organization, Person, PropertyValueSpecification, ReadAction, SearchAction, WebPage, WebSite",False,True,False,True,53,D,"Add the city or service area to the title | Write a meta description of 70 to 160 characters | Add a heading that asks the question the page answers | Add a five-question FAQ marked up as FAQPage | Add LocalBusiness schema with the office address | Add Review or AggregateRating schema from real Google reviews | Set a branded share image (og:image) | Add the entity this page is about (Service, LocalBusiness, Article or Product) | Link this page's entity to the Organization (provider, publisher or parentOrganization) | Add areaServed or a postal address to the entity | Add contactPoint or a telephone to the Organization",7
https://goodsuite.com/forms/demo-request/,form,Demo Request - GoodSuite,24,False,,0,Demo Request,1,2,8,0,350,11,0,101,18,https://goodsuite.com/forms/demo-request/,True,,False,False,False,45,D,"primary, provider, area, contact",15,False,False,False,True,True,"Article, BreadcrumbList, EntryPoint, ImageObject, ListItem, Organization, Person, PropertyValueSpecification, ReadAction, SearchAction, WebPage, WebSite",False,True,False,True,48,D,"Rewrite the title to 30 to 60 characters | Add the city or service area to the title | Write a meta description of 70 to 160 characters | Add a heading that asks the question the page answers | Add a five-question FAQ marked up as FAQPage | Add LocalBusiness schema with the office address | Add Review or AggregateRating schema from real Google reviews | Set a branded share image (og:image) | Add the entity this page is about (Service, LocalBusiness, Article or Product) | Link this page's entity to the Organization (provider, publisher or parentOrganization) | Add areaServed or a postal address to the entity | Add contactPoint or a telephone to the Organization",8
https://goodsuite.com/forms/maintenance-agreement-request-thank-you/,form,Maintenance Agreement Request Thank You - GoodSuite,51,False,,0,Maintenance Agreement Request Thank You,1,2,8,0,371,11,0,101,18,https://goodsuite.com/forms/maintenance-agreement-request-thank-you/,True,,False,False,False,45,D,"primary, provider, area, contact",15,False,False,False,True,True,"Article, BreadcrumbList, EntryPoint, ImageObject, ListItem, Organization, Person, PropertyValueSpecification, ReadAction, SearchAction, WebPage, WebSite",False,True,False,True,53,D,"Add the city or service area to the title | Write a meta description of 70 to 160 characters | Add a heading that asks the question the page answers | Add a five-question FAQ marked up as FAQPage | Add LocalBusiness schema with the office address | Add Review or AggregateRating schema from real Google reviews | Set a branded share image (og:image) | Add the entity this page is about (Service, LocalBusiness, Article or Product) | Link this page's entity to the Organization (provider, publisher or parentOrganization) | Add areaServed or a postal address to the entity | Add contactPoint or a telephone to the Organization",7
https://goodsuite.com/forms/maintenance-agreement-request/,form,Maintenance Agreement Request - GoodSuite,41,False,,0,Maintenance Agreement Request,1,3,8,0,506,11,0,101,18,https://goodsuite.com/forms/maintenance-agreement-request/,True,,False,False,False,45,D,"primary, provider, area, contact",15,False,False,False,True,True,"Article, BreadcrumbList, EntryPoint, ImageObject, ListItem, Organization, Person, PropertyValueSpecification, ReadAction, SearchAction, WebPage, WebSite",False,True,False,True,53,D,"Add the city or service area to the title | Write a meta description of 70 to 160 characters | Add a heading that asks the question the page answers | Add a five-question FAQ marked up as FAQPage | Add LocalBusiness schema with the office address | Add Review or AggregateRating schema from real Google reviews | Set a branded share image (og:image) | Add the entity this page is about (Service, LocalBusiness, Article or Product) | Link this page's entity to the Organization (provider, publisher or parentOrganization) | Add areaServed or a postal address to the entity | Add contactPoint or a telephone to the Organization",7
https://goodsuite.com/forms/meter-read-submission/,company,Meter Read Submission - GoodSuite,33,False,,0,Meter Read Submission,1,2,8,0,359,11,0,101,18,https://goodsuite.com/forms/meter-read-submission/,True,,False,False,False,78,B,"area, contact, about",15,False,False,False,True,True,"Article, BreadcrumbList, EntryPoint, ImageObject, ListItem, Organization, Person, PropertyValueSpecification, ReadAction, SearchAction, WebPage, WebSite",False,True,False,True,53,D,"Add the city or service area to the title | Write a meta description of 70 to 160 characters | Add a heading that asks the question the page answers | Add a five-question FAQ marked up as FAQPage | Add LocalBusiness schema with the office address | Add Review or AggregateRating schema from real Google reviews | Set a branded share image (og:image) | Add areaServed or a postal address to the entity | Add contactPoint or a telephone to the Organization | Name what the page is about with about, mentions or serviceType",7
https://goodsuite.com/forms/service-request-thank-you/,form,Service Request Thank You - GoodSuite,37,False,,0,Service Request Thank You,1,2,8,0,368,11,0,101,18,https://goodsuite.com/forms/service-request-thank-you/,True,,False,False,False,45,D,"primary, provider, area, contact",15,False,False,False,True,True,"Article, BreadcrumbList, EntryPoint, ImageObject, ListItem, Organization, Person, PropertyValueSpecification, ReadAction, SearchAction, WebPage, WebSite",False,True,False,True,53,D,"Add the city or service area to the title | Write a meta description of 70 to 160 characters | Add a heading that asks the question the page answers | Add a five-question FAQ marked up as FAQPage | Add LocalBusiness schema with the office address | Add Review or AggregateRating schema from real Google reviews | Set a branded share image (og:image) | Add the entity this page is about (Service, LocalBusiness, Article or Product) | Link this page's entity to the Organization (provider, publisher or parentOrganization) | Add areaServed or a postal address to the entity | Add contactPoint or a telephone to the Organization",7
https://goodsuite.com/forms/supply-request-thank-you/,form,Supply Request Thank You - GoodSuite,36,False,,0,Supply Request Thank You,1,2,8,0,365,11,0,101,18,https://goodsuite.com/forms/supply-request-thank-you/,True,,False,False,False,45,D,"primary, provider, area, contact",15,False,False,False,True,True,"Article, BreadcrumbList, EntryPoint, ImageObject, ListItem, Organization, Person, PropertyValueSpecification, ReadAction, SearchAction, WebPage, WebSite",False,True,False,True,53,D,"Add the city or service area to the title | Write a meta description of 70 to 160 characters | Add a heading that asks the question the page answers | Add a five-question FAQ marked up as FAQPage | Add LocalBusiness schema with the office address | Add Review or AggregateRating schema from real Google reviews | Set a branded share image (og:image) | Add the entity this page is about (Service, LocalBusiness, Article or Product) | Link this page's entity to the Organization (provider, publisher or parentOrganization) | Add areaServed or a postal address to the entity | Add contactPoint or a telephone to the Organization",7
https://goodsuite.com/forms/supply-request/,form,Supply Request - GoodSuite,26,False,,0,Supply Request,1,2,8,0,350,11,0,101,18,https://goodsuite.com/forms/supply-request/,True,,False,False,False,45,D,"primary, provider, area, contact",15,False,False,False,True,True,"Article, BreadcrumbList, EntryPoint, ImageObject, ListItem, Organization, Person, PropertyValueSpecification, ReadAction, SearchAction, WebPage, WebSite",False,True,False,True,48,D,"Rewrite the title to 30 to 60 characters | Add the city or service area to the title | Write a meta description of 70 to 160 characters | Add a heading that asks the question the page answers | Add a five-question FAQ marked up as FAQPage | Add LocalBusiness schema with the office address | Add Review or AggregateRating schema from real Google reviews | Set a branded share image (og:image) | Add the entity this page is about (Service, LocalBusiness, Article or Product) | Link this page's entity to the Organization (provider, publisher or parentOrganization) | Add areaServed or a postal address to the entity | Add contactPoint or a telephone to the Organization",8
https://goodsuite.com/free-print-assessment/,form,Cut Printing Costs Up to 30% | Free Print Assessment | GoodSuite,64,False,"Reduce costs by up to 30%, eliminate downtime, and simplify office tech with one local partner. Under 2-hour response. Free print assessment.",141,Reduce Printing Costs.,1,9,0,3,591,3,0,29,6,https://goodsuite.com/free-print-assessment/,True,https://goodsuite.com/wp-content/uploads/2026/07/IMG_7190-scaled.jpg,False,False,False,45,D,"primary, provider, area, contact",12,False,False,False,False,True,"BreadcrumbList, EntryPoint, ImageObject, ListItem, Organization, PropertyValueSpecification, ReadAction, SearchAction, WebPage, WebSite",False,False,False,True,53,D,"Rewrite the title to 30 to 60 characters | Add the city or service area to the title | Add a five-question FAQ marked up as FAQPage | Add Service schema (or Article schema on a post) | Add LocalBusiness schema with the office address | Add Review or AggregateRating schema from real Google reviews | Add the entity this page is about (Service, LocalBusiness, Article or Product) | Link this page's entity to the Organization (provider, publisher or parentOrganization) | Add areaServed or a postal address to the entity | Add contactPoint or a telephone to the Organization",6
https://goodsuite.com/goodsuite-guarantees/,company,GoodSuite Guarantees - GoodSuite,32,False,Explore GoodSuite Guarantees for multifunction copiers and printers. Satisfaction is assured with hassle-free replacements.,123,GoodSuite Guarantees,1,6,4,1,631,6,1,84,19,https://goodsuite.com/goodsuite-guarantees/,True,,False,False,False,71,B,"person, area, contact, about",11,False,False,False,False,True,"BreadcrumbList, EntryPoint, ImageObject, ListItem, Organization, PropertyValueSpecification, ReadAction, SearchAction, WebPage, WebSite",False,True,True,True,52,D,"Add the city or service area to the title | Alt text on every image | Add a five-question FAQ marked up as FAQPage | Add Service schema (or Article schema on a post) | Add LocalBusiness schema with the office address | Add Review or AggregateRating schema from real Google reviews | Set a branded share image (og:image) | Name the expert or author as a Person, with a URL that identifies them | Add areaServed or a postal address to the entity | Add contactPoint or a telephone to the Organization | Name what the page is about with about, mentions or serviceType",7
https://goodsuite.com/guides/,company,Guides - GoodSuite,18,False,Discover comprehensive buyer's guides that simplify your decisions and support every device within your organization.,117,Resource Guides,1,3,11,7,330,8,0,89,18,https://goodsuite.com/guides/,True,,False,False,True,71,B,"person, area, contact, about",11,False,False,False,False,True,"BreadcrumbList, EntryPoint, ImageObject, ListItem, Organization, PropertyValueSpecification, ReadAction, SearchAction, WebPage, WebSite",False,True,False,True,51,D,"Rewrite the title to 30 to 60 characters | Add the city or service area to the title | Add a five-question FAQ marked up as FAQPage | Add Service schema (or Article schema on a post) | Add LocalBusiness schema with the office address | Add Review or AggregateRating schema from real Google reviews | Set a branded share image (og:image) | Name the expert or author as a Person, with a URL that identifies them | Add areaServed or a postal address to the entity | Add contactPoint or a telephone to the Organization | Name what the page is about with about, mentions or serviceType",7
https://goodsuite.com/guides/considering-managed-cybersecurity-services/,post,Considering Managed Cybersecurity Services? - GoodSuite,55,False,Is your business considering managed cybersecurity services? Explore strategies that can strengthen your cybersecurity program.,127,Considering Managed Cybersecurity Services?,1,4,8,2,329,5,0,82,18,https://goodsuite.com/guides/considering-managed-cybersecurity-services/,True,https://goodsuite.com/wp-content/uploads/2026/01/Considering-Managed-Cybersecurity-Services-Feature.jpg,False,False,False,44,D,"primary, person, provider, author, contact, about",12,False,False,False,False,True,"BreadcrumbList, EntryPoint, ImageObject, ListItem, Organization, PropertyValueSpecification, ReadAction, SearchAction, WebPage, WebSite",False,True,False,True,58,C,"Add the city or service area to the title | Add a five-question FAQ marked up as FAQPage | Add Service schema (or Article schema on a post) | Add LocalBusiness schema with the office address | Add Review or AggregateRating schema from real Google reviews | Add the entity this page is about (Service, LocalBusiness, Article or Product) | Name the expert or author as a Person, with a URL that identifies them | Link this page's entity to the Organization (provider, publisher or parentOrganization) | Point author at a Person object, not a plain string | Add contactPoint or a telephone to the Organization | Name what the page is about with about, mentions or serviceType",5
https://goodsuite.com/guides/considering-managed-print-services/,post,Considering Managed Print Services? - GoodSuite,47,False,Considering Managed Print Services? Learn how to gain control over printing costs and enhance security within your organization.,128,Considering Managed Print Services?,1,4,8,2,346,5,0,82,18,https://goodsuite.com/guides/considering-managed-print-services/,True,https://goodsuite.com/wp-content/uploads/2026/01/Considering-Managed-Print-Services-Feature-3.jpg,False,False,False,44,D,"primary, person, provider, author, contact, about",12,False,False,False,False,True,"BreadcrumbList, EntryPoint, ImageObject, ListItem, Organization, PropertyValueSpecification, ReadAction, SearchAction, WebPage, WebSite",False,True,False,True,58,C,"Add the city or service area to the title | Add a five-question FAQ marked up as FAQPage | Add Service schema (or Article schema on a post) | Add LocalBusiness schema with the office address | Add Review or AggregateRating schema from real Google reviews | Add the entity this page is about (Service, LocalBusiness, Article or Product) | Name the expert or author as a Person, with a URL that identifies them | Link this page's entity to the Organization (provider, publisher or parentOrganization) | Point author at a Person object, not a plain string | Add contactPoint or a telephone to the Organization | Name what the page is about with about, mentions or serviceType",5
https://goodsuite.com/guides/goodsuite-delivers-compliance-ready-cybersecurity-solution/,post,GoodSuite Delivers Compliance-Ready Cybersecurity Solution - Case Study,71,False,Discover how GoodSuite delivers a compliance-ready cybersecurity solution that meets strict standards and passes audits.,120,GoodSuite Delivers Compliance-Ready Cybersecurity Solution,1,6,7,0,350,5,0,82,19,https://goodsuite.com/guides/goodsuite-delivers-compliance-ready-cybersecurity-solution/,True,https://goodsuite.com/wp-content/uploads/2026/02/GoodSuite-Delivers-Compliance-Ready-Cybersecurity-Solution.jpg,False,False,False,44,D,"primary, person, provider, author, contact, about",12,False,False,False,False,True,"BreadcrumbList, EntryPoint, ImageObject, ListItem, Organization, PropertyValueSpecification, ReadAction, SearchAction, WebPage, WebSite",False,True,False,True,45,D,"Rewrite the title to 30 to 60 characters | Add the city or service area to the title | Add a heading that asks the question the page answers | Add a five-question FAQ marked up as FAQPage | Add Service schema (or Article schema on a post) | Add LocalBusiness schema with the office address | Add Review or AggregateRating schema from real Google reviews | Add the entity this page is about (Service, LocalBusiness, Article or Product) | Name the expert or author as a Person, with a URL that identifies them | Link this page's entity to the Organization (provider, publisher or parentOrganization) | Point author at a Person object, not a plain string | Add contactPoint or a telephone to the Organization | Name what the page is about with about, mentions or serviceType",7
https://goodsuite.com/guides/goodsuite-solutions-enhancing-efficiency-with-reliable-copiers/,post,GoodSuite Solutions: Enhancing Efficiency with Reliable Copiers - GoodSuite,75,False,Learn how GoodSuite Solutions improves operational efficiency through high-quality copiers and tailored solutions for businesses.,129,GoodSuite Solutions: Enhancing Efficiency with Reliable Copiers,1,6,7,0,365,5,0,82,19,https://goodsuite.com/guides/goodsuite-solutions-enhancing-efficiency-with-reliable-copiers/,True,https://goodsuite.com/wp-content/uploads/2026/01/managed-print-herp.jpg,False,False,False,44,D,"primary, person, provider, author, contact, about",12,False,False,False,False,True,"BreadcrumbList, EntryPoint, ImageObject, ListItem, Organization, PropertyValueSpecification, ReadAction, SearchAction, WebPage, WebSite",False,True,False,True,45,D,"Rewrite the title to 30 to 60 characters | Add the city or service area to the title | Add a heading that asks the question the page answers | Add a five-question FAQ marked up as FAQPage | Add Service schema (or Article schema on a post) | Add LocalBusiness schema with the office address | Add Review or AggregateRating schema from real Google reviews | Add the entity this page is about (Service, LocalBusiness, Article or Product) | Name the expert or author as a Person, with a URL that identifies them | Link this page's entity to the Organization (provider, publisher or parentOrganization) | Point author at a Person object, not a plain string | Add contactPoint or a telephone to the Organization | Name what the page is about with about, mentions or serviceType",7
https://goodsuite.com/guides/seamless-copier-upgrade-and-vendor-consolidation-with-goodsuite/,post,Seamless Copier Upgrade & Vendor Consolidation with GoodSuite - GoodSuite,73,False,Explore seamless copier upgrade and vendor consolidation with GoodSuite to streamline your technology and reduce costs.,119,Seamless Copier Upgrade & Vendor Consolidation with GoodSuite,1,6,7,0,346,5,0,82,19,https://goodsuite.com/guides/seamless-copier-upgrade-and-vendor-consolidation-with-goodsuite/,True,https://goodsuite.com/wp-content/uploads/2026/02/Seamless-Copier-Upgrade-Vendor-Consolidation-with-GoodSuite-1.jpg,False,False,False,44,D,"primary, person, provider, author, contact, about",12,False,False,False,False,True,"BreadcrumbList, EntryPoint, ImageObject, ListItem, Organization, PropertyValueSpecification, ReadAction, SearchAction, WebPage, WebSite",False,True,False,True,45,D,"Rewrite the title to 30 to 60 characters | Add the city or service area to the title | Add a heading that asks the question the page answers | Add a five-question FAQ marked up as FAQPage | Add Service schema (or Article schema on a post) | Add LocalBusiness schema with the office address | Add Review or AggregateRating schema from real Google reviews | Add the entity this page is about (Service, LocalBusiness, Article or Product) | Name the expert or author as a Person, with a URL that identifies them | Link this page's entity to the Organization (provider, publisher or parentOrganization) | Point author at a Person object, not a plain string | Add contactPoint or a telephone to the Organization | Name what the page is about with about, mentions or serviceType",7
https://goodsuite.com/guides/seamless-relocation-with-goodsuite-ensuring-operational-continuity/,post,Seamless Relocation with GoodSuite Ensuring Operational Continuity - GoodSuite,78,False,Discover how GoodSuite supports Seamless Relocation to maintain operational continuity during your next office move.,116,Seamless Relocation with GoodSuite Ensuring Operational Continuity,1,6,7,0,397,5,0,82,19,https://goodsuite.com/guides/seamless-relocation-with-goodsuite-ensuring-operational-continuity/,True,https://goodsuite.com/wp-content/uploads/2026/02/Seamless-Relocation-with-GoodSuite-Ensuring-Operational-Continuity.jpg,False,False,False,44,D,"primary, person, provider, author, contact, about",12,False,False,False,False,True,"BreadcrumbList, EntryPoint, ImageObject, ListItem, Organization, PropertyValueSpecification, ReadAction, SearchAction, WebPage, WebSite",False,True,False,True,45,D,"Rewrite the title to 30 to 60 characters | Add the city or service area to the title | Add a heading that asks the question the page answers | Add a five-question FAQ marked up as FAQPage | Add Service schema (or Article schema on a post) | Add LocalBusiness schema with the office address | Add Review or AggregateRating schema from real Google reviews | Add the entity this page is about (Service, LocalBusiness, Article or Product) | Name the expert or author as a Person, with a URL that identifies them | Link this page's entity to the Organization (provider, publisher or parentOrganization) | Point author at a Person object, not a plain string | Add contactPoint or a telephone to the Organization | Name what the page is about with about, mentions or serviceType",7
https://goodsuite.com/guides/streamlined-it-solutions-by-goodsuite-enhancing-efficiency/,post,Streamlined IT Solutions by GoodSuite Enhancing Efficiency - GoodSuite Case Study,81,False,Enhance your tech landscape with Streamlined IT Solutions by GoodSuite Enhancing Efficiency for a single-source service approach.,129,Streamlined IT Solutions by GoodSuite Enhancing Efficiency,1,6,7,0,392,5,0,82,19,https://goodsuite.com/guides/streamlined-it-solutions-by-goodsuite-enhancing-efficiency/,True,https://goodsuite.com/wp-content/uploads/2026/02/Streamlined-IT-Solutions-by-GoodSuite-Enhancing-Efficiency-1.jpg,False,False,False,44,D,"primary, person, provider, author, contact, about",12,False,False,False,False,True,"BreadcrumbList, EntryPoint, ImageObject, ListItem, Organization, PropertyValueSpecification, ReadAction, SearchAction, WebPage, WebSite",False,True,False,True,45,D,"Rewrite the title to 30 to 60 characters | Add the city or service area to the title | Add a heading that asks the question the page answers | Add a five-question FAQ marked up as FAQPage | Add Service schema (or Article schema on a post) | Add LocalBusiness schema with the office address | Add Review or AggregateRating schema from real Google reviews | Add the entity this page is about (Service, LocalBusiness, Article or Product) | Name the expert or author as a Person, with a URL that identifies them | Link this page's entity to the Organization (provider, publisher or parentOrganization) | Point author at a Person object, not a plain string | Add contactPoint or a telephone to the Organization | Name what the page is about with about, mentions or serviceType",7
https://goodsuite.com/guides/streamlined-solution-for-high-volume-monochrome-printing-with-goodsuite/,post,Streamlined Solution for High-Volume Monochrome Printing with GoodSuite - GoodSuite Case Study,94,False,"Discover how GoodSuite provides a streamlined solution for high-volume monochrome printing, ideal for universities.",115,Streamlined Solution for High-Volume Monochrome Printing with GoodSuite,1,6,7,0,366,5,0,82,19,https://goodsuite.com/guides/streamlined-solution-for-high-volume-monochrome-printing-with-goodsuite/,True,https://goodsuite.com/wp-content/uploads/2026/01/mps-hero-1.jpg,False,False,False,44,D,"primary, person, provider, author, contact, about",12,False,False,False,False,True,"BreadcrumbList, EntryPoint, ImageObject, ListItem, Organization, PropertyValueSpecification, ReadAction, SearchAction, WebPage, WebSite",False,True,False,True,45,D,"Rewrite the title to 30 to 60 characters | Add the city or service area to the title | Add a heading that asks the question the page answers | Add a five-question FAQ marked up as FAQPage | Add Service schema (or Article schema on a post) | Add LocalBusiness schema with the office address | Add Review or AggregateRating schema from real Google reviews | Add the entity this page is about (Service, LocalBusiness, Article or Product) | Name the expert or author as a Person, with a URL that identifies them | Link this page's entity to the Organization (provider, publisher or parentOrganization) | Point author at a Person object, not a plain string | Add contactPoint or a telephone to the Organization | Name what the page is about with about, mentions or serviceType",7
https://goodsuite.com/guides/thinking-about-managed-it-services/,post,Thinking About Managed IT Services? - GoodSuite,47,False,Considering managed IT services? Discover how the right partner can bridge your IT skills gap and ease internal pressure.,121,Thinking About Managed IT Services?,1,4,7,2,339,5,0,82,18,https://goodsuite.com/guides/thinking-about-managed-it-services/,True,https://goodsuite.com/wp-content/uploads/2026/01/Thinking-About-Managed-IT-Services-Feature.jpg,False,False,False,44,D,"primary, person, provider, author, contact, about",12,False,False,False,False,True,"BreadcrumbList, EntryPoint, ImageObject, ListItem, Organization, PropertyValueSpecification, ReadAction, SearchAction, WebPage, WebSite",False,True,False,True,58,C,"Add the city or service area to the title | Add a five-question FAQ marked up as FAQPage | Add Service schema (or Article schema on a post) | Add LocalBusiness schema with the office address | Add Review or AggregateRating schema from real Google reviews | Add the entity this page is about (Service, LocalBusiness, Article or Product) | Name the expert or author as a Person, with a URL that identifies them | Link this page's entity to the Organization (provider, publisher or parentOrganization) | Point author at a Person object, not a plain string | Add contactPoint or a telephone to the Organization | Name what the page is about with about, mentions or serviceType",5
https://goodsuite.com/it-and-network-assessment/,form,IT and Network Assessment - GoodSuite,37,False,Unlock your business potential with an IT and Network Assessment. Optimize workflows and strengthen your cybersecurity.,119,IT & Network Assessments,1,4,8,2,304,5,0,85,18,https://goodsuite.com/it-and-network-assessment/,True,,False,False,False,45,D,"primary, provider, area, contact",11,False,False,False,False,True,"BreadcrumbList, EntryPoint, ImageObject, ListItem, Organization, PropertyValueSpecification, ReadAction, SearchAction, WebPage, WebSite",False,True,False,True,56,C,"Add the city or service area to the title | Add a five-question FAQ marked up as FAQPage | Add Service schema (or Article schema on a post) | Add LocalBusiness schema with the office address | Add Review or AggregateRating schema from real Google reviews | Set a branded share image (og:image) | Add the entity this page is about (Service, LocalBusiness, Article or Product) | Link this page's entity to the Organization (provider, publisher or parentOrganization) | Add areaServed or a postal address to the entity | Add contactPoint or a telephone to the Organization",6
https://goodsuite.com/it-help-request/,form,IT Help Request - GoodSuite,27,False,Submit an IT Help Request today for efficient support. Our professionals will ensure your needs are met rapidly.,112,Submit a Request,1,3,4,1,191,5,0,85,18,https://goodsuite.com/it-help-request/,True,,False,False,False,45,D,"primary, provider, area, contact",11,False,False,False,False,True,"BreadcrumbList, EntryPoint, ImageObject, ListItem, Organization, PropertyValueSpecification, ReadAction, SearchAction, WebPage, WebSite",False,True,False,True,41,D,"Rewrite the title to 30 to 60 characters | Add the city or service area to the title | Deepen to 300 words or more | Add a five-question FAQ marked up as FAQPage | Add Service schema (or Article schema on a post) | Add LocalBusiness schema with the office address | Add Review or AggregateRating schema from real Google reviews | Set a branded share image (og:image) | Add the entity this page is about (Service, LocalBusiness, Article or Product) | Link this page's entity to the Organization (provider, publisher or parentOrganization) | Add areaServed or a postal address to the entity | Add contactPoint or a telephone to the Organization",8
https://goodsuite.com/managed-it-services-book-meeting/,form,Managed IT Services in California | GoodSuite,45,True,Keep your technology running smoothly with Managed IT Services in California. End-to-end support for businesses of all sizes.,125,Managed IT,1,8,21,7,872,24,0,84,21,https://goodsuite.com/managed-it-services-book-meeting/,True,,False,False,True,45,D,"primary, provider, area, contact",11,False,False,False,False,True,"BreadcrumbList, EntryPoint, ImageObject, ListItem, Organization, PropertyValueSpecification, ReadAction, SearchAction, WebPage, WebSite",False,True,False,True,64,C,"Add a five-question FAQ marked up as FAQPage | Add Service schema (or Article schema on a post) | Add LocalBusiness schema with the office address | Add Review or AggregateRating schema from real Google reviews | Set a branded share image (og:image) | Add the entity this page is about (Service, LocalBusiness, Article or Product) | Link this page's entity to the Organization (provider, publisher or parentOrganization) | Add areaServed or a postal address to the entity | Add contactPoint or a telephone to the Organization",5
https://goodsuite.com/managed-it-services/,service,Managed IT Services in California | GoodSuite,45,True,Keep your technology running smoothly with Managed IT Services in California. End-to-end support for businesses of all sizes.,125,Managed IT,1,8,21,7,872,24,0,87,18,https://goodsuite.com/managed-it-services/,True,,False,False,True,48,D,"primary, provider, area, contact, about",11,False,False,False,False,True,"BreadcrumbList, EntryPoint, ImageObject, ListItem, Organization, PropertyValueSpecification, ReadAction, SearchAction, WebPage, WebSite",False,True,False,True,64,C,"Add a five-question FAQ marked up as FAQPage | Add Service schema (or Article schema on a post) | Add LocalBusiness schema with the office address | Add Review or AggregateRating schema from real Google reviews | Set a branded share image (og:image) | Add the entity this page is about (Service, LocalBusiness, Article or Product) | Link this page's entity to the Organization (provider, publisher or parentOrganization) | Add areaServed or a postal address to the entity | Add contactPoint or a telephone to the Organization | Name what the page is about with about, mentions or serviceType",5
https://goodsuite.com/managed-print-book-demo/,form,Managed Print Services in California | GoodSuite,48,True,"Optimize your printing operations with Managed Print Services in California. Reduce costs, improve efficiency, and simplify management. Find out how to get started.",164,Managed Print,1,8,19,6,798,19,0,84,21,https://goodsuite.com/managed-print-book-demo/,True,,False,False,True,45,D,"primary, provider, area, contact",11,False,False,False,False,True,"BreadcrumbList, EntryPoint, ImageObject, ListItem, Organization, PropertyValueSpecification, ReadAction, SearchAction, WebPage, WebSite",False,True,False,True,59,C,"Write a meta description of 70 to 160 characters | Add a five-question FAQ marked up as FAQPage | Add Service schema (or Article schema on a post) | Add LocalBusiness schema with the office address | Add Review or AggregateRating schema from real Google reviews | Set a branded share image (og:image) | Add the entity this page is about (Service, LocalBusiness, Article or Product) | Link this page's entity to the Organization (provider, publisher or parentOrganization) | Add areaServed or a postal address to the entity | Add contactPoint or a telephone to the Organization",6
https://goodsuite.com/managed-print/,service,Managed Print Services in California | GoodSuite,48,True,"Optimize your printing operations with Managed Print Services in California. Reduce costs, improve efficiency, and simplify management. Find out how to get started.",164,Managed Print,1,8,19,6,798,19,0,87,18,https://goodsuite.com/managed-print/,True,,False,False,True,48,D,"primary, provider, area, contact, about",11,False,False,False,False,True,"BreadcrumbList, EntryPoint, ImageObject, ListItem, Organization, PropertyValueSpecification, ReadAction, SearchAction, WebPage, WebSite",False,True,False,True,59,C,"Write a meta description of 70 to 160 characters | Add a five-question FAQ marked up as FAQPage | Add Service schema (or Article schema on a post) | Add LocalBusiness schema with the office address | Add Review or AggregateRating schema from real Google reviews | Set a branded share image (og:image) | Add the entity this page is about (Service, LocalBusiness, Article or Product) | Link this page's entity to the Organization (provider, publisher or parentOrganization) | Add areaServed or a postal address to the entity | Add contactPoint or a telephone to the Organization | Name what the page is about with about, mentions or serviceType",6
https://goodsuite.com/news/,company,News - GoodSuite,16,False,Explore the most recent news and insights in the technology industry for informed choices.,90,,0,1,21,2,679,38,0,123,35,https://goodsuite.com/news/,True,,False,False,True,71,B,"person, area, contact, about",11,False,False,False,False,True,"BreadcrumbList, EntryPoint, ImageObject, ListItem, Organization, PropertyValueSpecification, ReadAction, SearchAction, WebPage, WebSite",False,True,False,True,41,D,"Rewrite the title to 30 to 60 characters | Add the city or service area to the title | Give the page exactly one H1 | Break the copy into two or more H2 sections | Add a five-question FAQ marked up as FAQPage | Add Service schema (or Article schema on a post) | Add LocalBusiness schema with the office address | Add Review or AggregateRating schema from real Google reviews | Set a branded share image (og:image) | Name the expert or author as a Person, with a URL that identifies them | Add areaServed or a postal address to the entity | Add contactPoint or a telephone to the Organization | Name what the page is about with about, mentions or serviceType",9
https://goodsuite.com/news/copier-headquarters-is-now-goodsuite/,post,Copier Headquarters is now GoodSuite - GoodSuite,48,False,"Discover how Copier Headquarters transformed into GoodSuite, offering enhanced office solutions beyond just copiers.",116,Copier Headquarters is now GoodSuite,1,3,8,0,704,21,0,104,23,https://goodsuite.com/news/copier-headquarters-is-now-goodsuite/,True,https://goodsuite.com/wp-content/uploads/2019/05/adult-agent-approval-684385-scaled-1.jpg,False,False,False,96,A,contact,16,False,False,False,True,True,"Article, BreadcrumbList, EntryPoint, ImageObject, ListItem, Organization, Person, PropertyValueSpecification, ReadAction, SearchAction, WebPage, WebSite",False,True,False,True,60,C,Add the city or service area to the title | Add a heading that asks the question the page answers | Add a five-question FAQ marked up as FAQPage | Add LocalBusiness schema with the office address | Add Review or AggregateRating schema from real Google reviews | Add contactPoint or a telephone to the Organization,5
https://goodsuite.com/news/goodsuite-acquires-amerimac-expands-managed-print-and-it-services/,post,GoodSuite Continues Strategic Managed IT and Print Services Growth With Amerimac Acquisition,92,False,"GoodSuite acquires Amerimac, expanding managed print and IT services. Discover how this acquisition enhances our offerings and benefits your business.",150,GoodSuite Continues Strategic Managed IT and Print Services Growth With Amerimac Acquisition,1,3,8,0,844,17,0,105,26,https://goodsuite.com/news/goodsuite-acquires-amerimac-expands-managed-print-and-it-services/,True,https://goodsuite.com/wp-content/uploads/2021/08/two-businessman-sitting-on-a-couch-PXNUL86-copy-scaled.jpg,False,False,False,96,A,contact,16,False,False,False,True,True,"Article, BreadcrumbList, EntryPoint, ImageObject, ListItem, Organization, Person, PropertyValueSpecification, ReadAction, SearchAction, WebPage, WebSite",False,True,False,True,55,C,Rewrite the title to 30 to 60 characters | Add the city or service area to the title | Add a heading that asks the question the page answers | Add a five-question FAQ marked up as FAQPage | Add LocalBusiness schema with the office address | Add Review or AggregateRating schema from real Google reviews | Add contactPoint or a telephone to the Organization,6
https://goodsuite.com/news/goodsuite-ceo-dan-strull-co-authors-book-on-reaching-potential-and-unlocking-happiness/,post,GoodSuite CEO Dan Strull Co-Authors Book on Reaching Potential and Unlocking Happiness - GoodSuite,98,False,Join GoodSuite CEO Dan Strull and Stephen Pfahler as they share their journey in writing about happiness and success.,117,GoodSuite CEO Dan Strull Co-Authors Book on Reaching Potential and Unlocking Happiness,1,2,8,0,1435,19,0,104,20,https://goodsuite.com/news/goodsuite-ceo-dan-strull-co-authors-book-on-reaching-potential-and-unlocking-happiness/,True,https://goodsuite.com/wp-content/uploads/2026/02/DSC00068-2.jpg,False,False,False,96,A,contact,16,False,False,False,True,True,"Article, BreadcrumbList, EntryPoint, ImageObject, ListItem, Organization, Person, PropertyValueSpecification, ReadAction, SearchAction, WebPage, WebSite",False,True,False,True,55,C,Rewrite the title to 30 to 60 characters | Add the city or service area to the title | Add a heading that asks the question the page answers | Add a five-question FAQ marked up as FAQPage | Add LocalBusiness schema with the office address | Add Review or AggregateRating schema from real Google reviews | Add contactPoint or a telephone to the Organization,6
https://goodsuite.com/news/goodsuite-holds-a-booth-at-the-cite-annual-conference/,post,GoodSuite holds a booth at the CITE Annual Conference,53,False,"GoodSuite’s stay at their booth was for two days, November 29 and 30. The CITE conference is the premier conference for California’s IT professionals in education. CITE stands for California IT in Education, and it is a not-for-profit, professional membership association which offers support to students by providing technology to schools.",340,GoodSuite holds a booth at the CITE Annual Conference,1,2,8,0,859,17,0,104,21,https://goodsuite.com/news/goodsuite-holds-a-booth-at-the-cite-annual-conference/,True,https://goodsuite.com/wp-content/uploads/2022/12/GoodSuite-holds-a-booth-at-the-CITE-Annual-Conference.jpg,False,False,False,96,A,contact,16,False,False,False,True,True,"Article, BreadcrumbList, EntryPoint, ImageObject, ListItem, Organization, Person, PropertyValueSpecification, ReadAction, SearchAction, WebPage, WebSite",False,True,False,True,55,C,Add the city or service area to the title | Write a meta description of 70 to 160 characters | Add a heading that asks the question the page answers | Add a five-question FAQ marked up as FAQPage | Add LocalBusiness schema with the office address | Add Review or AggregateRating schema from real Google reviews | Add contactPoint or a telephone to the Organization,6
https://goodsuite.com/news/goodsuite-sharp-hyakuman-kai-dealer-award-2026/,post,GoodSuite Recognized as a Sharp Hyakuman Kai Dealer for Exceptional Growth and Service - GoodSuite,98,False,"GoodSuite has been named a Sharp Hyakuman Kai Dealer, recognizing exceptional growth, innovation, and customer service.",119,GoodSuite Recognized as a Sharp Hyakuman Kai Dealer for Exceptional Growth and Service,1,2,8,0,838,18,0,105,24,https://goodsuite.com/news/goodsuite-sharp-hyakuman-kai-dealer-award-2026/,True,https://goodsuite.com/wp-content/uploads/2026/04/AdobeStock_977499715.jpeg,True,False,False,96,A,contact,16,False,False,False,True,True,"Article, BreadcrumbList, EntryPoint, ImageObject, ListItem, Organization, Person, PropertyValueSpecification, ReadAction, SearchAction, WebPage, WebSite",False,True,False,True,53,D,Rewrite the title to 30 to 60 characters | Add the city or service area to the title | Add a heading that asks the question the page answers | Add a five-question FAQ marked up as FAQPage | Add LocalBusiness schema with the office address | Add Review or AggregateRating schema from real Google reviews | Set a branded share image (og:image) | Add contactPoint or a telephone to the Organization,7
https://goodsuite.com/news/goodsuites-covid-19-statement/,post,GoodSuite's Coronavirus (COVID-19) Statement - GoodSuite,56,False,Read GoodSuite's Coronavirus (COVID-19) Statement to learn how we are ensuring the safety of our clients and employees.,119,GoodSuite’s Coronavirus (COVID-19) Statement,2,2,12,0,1076,17,0,104,18,https://goodsuite.com/news/goodsuites-covid-19-statement/,True,https://goodsuite.com/wp-content/uploads/2020/03/home-banner.jpg,False,False,False,96,A,contact,16,False,False,False,True,True,"Article, BreadcrumbList, EntryPoint, ImageObject, ListItem, Organization, Person, PropertyValueSpecification, ReadAction, SearchAction, WebPage, WebSite",False,True,False,True,55,C,Add the city or service area to the title | Give the page exactly one H1 | Add a heading that asks the question the page answers | Add a five-question FAQ marked up as FAQPage | Add LocalBusiness schema with the office address | Add Review or AggregateRating schema from real Google reviews | Add contactPoint or a telephone to the Organization,6
https://goodsuite.com/news/industry-rock-stars-enx-magazine-introduces-2025-difference-makers/,post,Industry Rock Stars: ENX Magazine Introduces 2025 Difference Makers - GoodSuite,79,False,Discover the Industry Rock Stars: ENX Magazine introduces the 2025 Difference Makers shaping the future.,104,Industry Rock Stars: ENX Magazine Introduces 2025 Difference Makers,1,1,9,0,334,16,0,102,19,https://goodsuite.com/news/industry-rock-stars-enx-magazine-introduces-2025-difference-makers/,True,https://goodsuite.com/wp-content/uploads/2026/02/Industry-Rock-Stars-ENX-Magazine-Introduces-2025-Difference-Makers-1.jpg,False,False,False,96,A,contact,16,False,False,False,True,True,"Article, BreadcrumbList, EntryPoint, ImageObject, ListItem, Organization, Person, PropertyValueSpecification, ReadAction, SearchAction, WebPage, WebSite",False,True,False,True,50,D,Rewrite the title to 30 to 60 characters | Add the city or service area to the title | Break the copy into two or more H2 sections | Add a heading that asks the question the page answers | Add a five-question FAQ marked up as FAQPage | Add LocalBusiness schema with the office address | Add Review or AggregateRating schema from real Google reviews | Add contactPoint or a telephone to the Organization,7
https://goodsuite.com/news/madman-for-change-passion-and-drive-are-twin-fortes-for-goodsuite-difference-maker-brent-portera/,post,Madman for Change? Passion and Drive are Twin Fortes for GoodSuite Difference Maker Brent Portera - GoodSuite,109,False,"Delve into the story of Brent Portera, a passionate leader whose drive as a Madman for Change is transforming GoodSuite.",120,Madman for Change? Passion and Drive are Twin Fortes for GoodSuite Difference Maker Brent Portera,1,1,9,1,344,16,0,102,19,https://goodsuite.com/news/madman-for-change-passion-and-drive-are-twin-fortes-for-goodsuite-difference-maker-brent-portera/,True,https://goodsuite.com/wp-content/uploads/2026/02/ENX-2024.jpg,False,False,False,96,A,contact,16,False,False,False,True,True,"Article, BreadcrumbList, EntryPoint, ImageObject, ListItem, Organization, Person, PropertyValueSpecification, ReadAction, SearchAction, WebPage, WebSite",False,True,False,True,58,C,Rewrite the title to 30 to 60 characters | Add the city or service area to the title | Break the copy into two or more H2 sections | Add a five-question FAQ marked up as FAQPage | Add LocalBusiness schema with the office address | Add Review or AggregateRating schema from real Google reviews | Add contactPoint or a telephone to the Organization,6
https://goodsuite.com/print-assessment/,form,Print Assessment - GoodSuite,28,False,"Request a Print Assessment to understand your print environment. Enhance efficiency, security, and cost management today.",121,Print Assessment,1,4,8,2,309,5,1,85,18,https://goodsuite.com/print-assessment/,True,,False,False,False,45,D,"primary, provider, area, contact",11,False,False,False,False,True,"BreadcrumbList, EntryPoint, ImageObject, ListItem, Organization, PropertyValueSpecification, ReadAction, SearchAction, WebPage, WebSite",False,True,False,True,47,D,"Rewrite the title to 30 to 60 characters | Add the city or service area to the title | Alt text on every image | Add a five-question FAQ marked up as FAQPage | Add Service schema (or Article schema on a post) | Add LocalBusiness schema with the office address | Add Review or AggregateRating schema from real Google reviews | Set a branded share image (og:image) | Add the entity this page is about (Service, LocalBusiness, Article or Product) | Link this page's entity to the Organization (provider, publisher or parentOrganization) | Add areaServed or a postal address to the entity | Add contactPoint or a telephone to the Organization",8
https://goodsuite.com/printers-and-copiers/,service,"Business Printers, Copiers & MFPs | GoodSuite",45,False,"Office printers, copiers, and MFPs designed to improve efficiency and simplify printing management, backed by the support you deserve.",134,Printers & Copiers,1,8,19,6,744,19,0,87,18,https://goodsuite.com/printers-and-copiers/,True,,False,False,True,48,D,"primary, provider, area, contact, about",11,False,False,False,False,True,"BreadcrumbList, EntryPoint, ImageObject, ListItem, Organization, PropertyValueSpecification, ReadAction, SearchAction, WebPage, WebSite",False,True,False,True,56,C,"Add the city or service area to the title | Add a five-question FAQ marked up as FAQPage | Add Service schema (or Article schema on a post) | Add LocalBusiness schema with the office address | Add Review or AggregateRating schema from real Google reviews | Set a branded share image (og:image) | Add the entity this page is about (Service, LocalBusiness, Article or Product) | Link this page's entity to the Organization (provider, publisher or parentOrganization) | Add areaServed or a postal address to the entity | Add contactPoint or a telephone to the Organization | Name what the page is about with about, mentions or serviceType",6
https://goodsuite.com/printers-copiers-book-demo/,form,"Business Printers, Copiers & MFPs | GoodSuite",45,False,"Office printers, copiers, and MFPs designed to improve efficiency and simplify printing management, backed by the support you deserve.",134,Printers & Copiers,1,8,19,6,744,19,0,84,21,https://goodsuite.com/printers-copiers-book-demo/,True,,False,False,True,45,D,"primary, provider, area, contact",11,False,False,False,False,True,"BreadcrumbList, EntryPoint, ImageObject, ListItem, Organization, PropertyValueSpecification, ReadAction, SearchAction, WebPage, WebSite",False,True,False,True,56,C,"Add the city or service area to the title | Add a five-question FAQ marked up as FAQPage | Add Service schema (or Article schema on a post) | Add LocalBusiness schema with the office address | Add Review or AggregateRating schema from real Google reviews | Set a branded share image (og:image) | Add the entity this page is about (Service, LocalBusiness, Article or Product) | Link this page's entity to the Organization (provider, publisher or parentOrganization) | Add areaServed or a postal address to the entity | Add contactPoint or a telephone to the Organization",6
https://goodsuite.com/private-cloud-book-demo/,form,Private Cloud Solutions | GoodSuite,35,False,"Secure, scalable, and reliable Private Cloud Solutions. Find out how to optimize your IT environment while keeping control over your data.",138,Private Cloud,1,7,19,5,812,15,0,83,21,https://goodsuite.com/private-cloud-book-demo/,True,,False,False,True,45,D,"primary, provider, area, contact",11,False,False,False,False,True,"BreadcrumbList, EntryPoint, ImageObject, ListItem, Organization, PropertyValueSpecification, ReadAction, SearchAction, WebPage, WebSite",False,True,False,True,56,C,"Add the city or service area to the title | Add a five-question FAQ marked up as FAQPage | Add Service schema (or Article schema on a post) | Add LocalBusiness schema with the office address | Add Review or AggregateRating schema from real Google reviews | Set a branded share image (og:image) | Add the entity this page is about (Service, LocalBusiness, Article or Product) | Link this page's entity to the Organization (provider, publisher or parentOrganization) | Add areaServed or a postal address to the entity | Add contactPoint or a telephone to the Organization",6
https://goodsuite.com/private-cloud/,service,Private Cloud Solutions | GoodSuite,35,False,"Secure, scalable, and reliable Private Cloud Solutions. Find out how to optimize your IT environment while keeping control over your data.",138,Private Cloud,1,7,19,5,812,15,0,86,18,https://goodsuite.com/private-cloud/,True,,False,False,True,48,D,"primary, provider, area, contact, about",11,False,False,False,False,True,"BreadcrumbList, EntryPoint, ImageObject, ListItem, Organization, PropertyValueSpecification, ReadAction, SearchAction, WebPage, WebSite",False,True,False,True,56,C,"Add the city or service area to the title | Add a five-question FAQ marked up as FAQPage | Add Service schema (or Article schema on a post) | Add LocalBusiness schema with the office address | Add Review or AggregateRating schema from real Google reviews | Set a branded share image (og:image) | Add the entity this page is about (Service, LocalBusiness, Article or Product) | Link this page's entity to the Organization (provider, publisher or parentOrganization) | Add areaServed or a postal address to the entity | Add contactPoint or a telephone to the Organization | Name what the page is about with about, mentions or serviceType",6
https://goodsuite.com/production-print-book-demo/,form,Production and Industrial Print | GoodSuite,43,False,"High-performance Production and Industrial Print solutions. Find out how to deliver quality, speed, and efficiency for large-scale printing needs.",146,Production Print,1,7,19,5,701,18,0,83,21,https://goodsuite.com/production-print-book-demo/,True,,False,False,True,45,D,"primary, provider, area, contact",11,False,False,False,False,True,"BreadcrumbList, EntryPoint, ImageObject, ListItem, Organization, PropertyValueSpecification, ReadAction, SearchAction, WebPage, WebSite",False,True,False,True,56,C,"Add the city or service area to the title | Add a five-question FAQ marked up as FAQPage | Add Service schema (or Article schema on a post) | Add LocalBusiness schema with the office address | Add Review or AggregateRating schema from real Google reviews | Set a branded share image (og:image) | Add the entity this page is about (Service, LocalBusiness, Article or Product) | Link this page's entity to the Organization (provider, publisher or parentOrganization) | Add areaServed or a postal address to the entity | Add contactPoint or a telephone to the Organization",6
https://goodsuite.com/production-print/,service,Production and Industrial Print | GoodSuite,43,False,"High-performance Production and Industrial Print solutions. Find out how to deliver quality, speed, and efficiency for large-scale printing needs.",146,Production Print,1,7,19,5,701,18,0,86,18,https://goodsuite.com/production-print/,True,,False,False,True,48,D,"primary, provider, area, contact, about",11,False,False,False,False,True,"BreadcrumbList, EntryPoint, ImageObject, ListItem, Organization, PropertyValueSpecification, ReadAction, SearchAction, WebPage, WebSite",False,True,False,True,56,C,"Add the city or service area to the title | Add a five-question FAQ marked up as FAQPage | Add Service schema (or Article schema on a post) | Add LocalBusiness schema with the office address | Add Review or AggregateRating schema from real Google reviews | Set a branded share image (og:image) | Add the entity this page is about (Service, LocalBusiness, Article or Product) | Link this page's entity to the Organization (provider, publisher or parentOrganization) | Add areaServed or a postal address to the entity | Add contactPoint or a telephone to the Organization | Name what the page is about with about, mentions or serviceType",6
https://goodsuite.com/request-assessment/,form,Request Assessment - GoodSuite,30,False,Start the conversation with our request assessment service and gain valuable insights into your IT and document workflows.,122,Request Assessment,1,3,7,1,258,5,1,85,18,https://goodsuite.com/request-assessment/,True,,False,False,False,45,D,"primary, provider, area, contact",11,False,False,False,False,True,"BreadcrumbList, EntryPoint, ImageObject, ListItem, Organization, PropertyValueSpecification, ReadAction, SearchAction, WebPage, WebSite",False,True,False,True,42,D,"Add the city or service area to the title | Deepen to 300 words or more | Alt text on every image | Add a five-question FAQ marked up as FAQPage | Add Service schema (or Article schema on a post) | Add LocalBusiness schema with the office address | Add Review or AggregateRating schema from real Google reviews | Set a branded share image (og:image) | Add the entity this page is about (Service, LocalBusiness, Article or Product) | Link this page's entity to the Organization (provider, publisher or parentOrganization) | Add areaServed or a postal address to the entity | Add contactPoint or a telephone to the Organization",8
https://goodsuite.com/sales-request/,form,Sales Request - GoodSuite,25,False,Need assistance? Fill out the Sales Request form to have a GoodSuite specialist respond swiftly to your needs.,110,Contact Sales,1,3,4,1,189,5,0,86,18,https://goodsuite.com/sales-request/,True,,False,False,False,45,D,"primary, provider, area, contact",11,False,False,False,False,True,"BreadcrumbList, EntryPoint, ImageObject, ListItem, Organization, PropertyValueSpecification, ReadAction, SearchAction, WebPage, WebSite",False,True,False,True,41,D,"Rewrite the title to 30 to 60 characters | Add the city or service area to the title | Deepen to 300 words or more | Add a five-question FAQ marked up as FAQPage | Add Service schema (or Article schema on a post) | Add LocalBusiness schema with the office address | Add Review or AggregateRating schema from real Google reviews | Set a branded share image (og:image) | Add the entity this page is about (Service, LocalBusiness, Article or Product) | Link this page's entity to the Organization (provider, publisher or parentOrganization) | Add areaServed or a postal address to the entity | Add contactPoint or a telephone to the Organization",8
https://goodsuite.com/securing-microsoft-365-in-the-age-of-ai-copilot-compliance-and-data-protection-viewing/,company,"Securing Microsoft 365 in the Age of AI - Copilot, Compliance, and Data Protection - Viewing - GoodSuite",104,False,,0,,0,1,4,0,163,6,0,84,18,https://goodsuite.com/securing-microsoft-365-in-the-age-of-ai-copilot-compliance-and-data-protection-viewing/,True,,False,False,False,71,B,"person, area, contact, about",11,False,False,False,False,True,"BreadcrumbList, EntryPoint, ImageObject, ListItem, Organization, PropertyValueSpecification, ReadAction, SearchAction, WebPage, WebSite",False,True,False,True,18,F,"Rewrite the title to 30 to 60 characters | Add the city or service area to the title | Write a meta description of 70 to 160 characters | Give the page exactly one H1 | Break the copy into two or more H2 sections | Add a heading that asks the question the page answers | Deepen to 300 words or more | Add a five-question FAQ marked up as FAQPage | Add Service schema (or Article schema on a post) | Add LocalBusiness schema with the office address | Add Review or AggregateRating schema from real Google reviews | Set a branded share image (og:image) | Name the expert or author as a Person, with a URL that identifies them | Add areaServed or a postal address to the entity | Add contactPoint or a telephone to the Organization | Name what the page is about with about, mentions or serviceType",12
https://goodsuite.com/securing-microsoft-365-in-the-age-of-ai-copilot-compliance-and-data-protection-webinar/,company,"Securing Microsoft 365 in the Age of AI - Copilot, Compliance, and Data Protection - Webinar - GoodSuite",104,False,,0,EDUCATIONAL WEBINAR REPLAY,1,1,4,0,210,6,0,82,18,https://goodsuite.com/securing-microsoft-365-in-the-age-of-ai-copilot-compliance-and-data-protection-webinar/,True,,False,False,False,71,B,"person, area, contact, about",11,False,False,False,False,True,"BreadcrumbList, EntryPoint, ImageObject, ListItem, Organization, PropertyValueSpecification, ReadAction, SearchAction, WebPage, WebSite",False,True,False,True,23,F,"Rewrite the title to 30 to 60 characters | Add the city or service area to the title | Write a meta description of 70 to 160 characters | Break the copy into two or more H2 sections | Add a heading that asks the question the page answers | Deepen to 300 words or more | Add a five-question FAQ marked up as FAQPage | Add Service schema (or Article schema on a post) | Add LocalBusiness schema with the office address | Add Review or AggregateRating schema from real Google reviews | Set a branded share image (og:image) | Name the expert or author as a Person, with a URL that identifies them | Add areaServed or a postal address to the entity | Add contactPoint or a telephone to the Organization | Name what the page is about with about, mentions or serviceType",11
https://goodsuite.com/self-serve-tech-check/,form,Self-Serve Tech Check - GoodSuite,33,False,"Discover GoodSuite, your partner for streamlined technology solutions and consistent, responsive support tailored to your needs.",128,,0,1,4,0,156,5,0,82,18,https://goodsuite.com/self-serve-tech-check/,True,,False,False,False,45,D,"primary, provider, area, contact",11,False,False,False,False,True,"BreadcrumbList, EntryPoint, ImageObject, ListItem, Organization, PropertyValueSpecification, ReadAction, SearchAction, WebPage, WebSite",False,True,False,True,28,F,"Add the city or service area to the title | Give the page exactly one H1 | Break the copy into two or more H2 sections | Add a heading that asks the question the page answers | Deepen to 300 words or more | Add a five-question FAQ marked up as FAQPage | Add Service schema (or Article schema on a post) | Add LocalBusiness schema with the office address | Add Review or AggregateRating schema from real Google reviews | Set a branded share image (og:image) | Add the entity this page is about (Service, LocalBusiness, Article or Product) | Link this page's entity to the Organization (provider, publisher or parentOrganization) | Add areaServed or a postal address to the entity | Add contactPoint or a telephone to the Organization",10
https://goodsuite.com/service-areas/,city,Service Areas - GoodSuite,25,False,"Discover the extensive service areas we cover, providing customized IT solutions, cybersecurity, and more to our valued clients.",128,Service Areas,1,5,31,4,750,8,0,94,21,https://goodsuite.com/service-areas/,True,,False,False,True,48,D,"primary, provider, area, contact, about",11,False,False,False,False,True,"BreadcrumbList, EntryPoint, ImageObject, ListItem, Organization, PropertyValueSpecification, ReadAction, SearchAction, WebPage, WebSite",False,True,False,True,51,D,"Rewrite the title to 30 to 60 characters | Add the city or service area to the title | Add a five-question FAQ marked up as FAQPage | Add Service schema (or Article schema on a post) | Add LocalBusiness schema with the office address | Add Review or AggregateRating schema from real Google reviews | Set a branded share image (og:image) | Add the entity this page is about (Service, LocalBusiness, Article or Product) | Link this page's entity to the Organization (provider, publisher or parentOrganization) | Add areaServed or a postal address to the entity | Add contactPoint or a telephone to the Organization | Name what the page is about with about, mentions or serviceType",7
https://goodsuite.com/service-request/,form,Service Request - GoodSuite,27,False,Need assistance with your equipment? Submit a Service Request and our specialists will quickly help you get back on track.,122,Service Request,1,3,4,1,191,5,0,85,18,https://goodsuite.com/service-request/,True,,False,False,False,45,D,"primary, provider, area, contact",11,False,False,False,False,True,"BreadcrumbList, EntryPoint, ImageObject, ListItem, Organization, PropertyValueSpecification, ReadAction, SearchAction, WebPage, WebSite",False,True,False,True,41,D,"Rewrite the title to 30 to 60 characters | Add the city or service area to the title | Deepen to 300 words or more | Add a five-question FAQ marked up as FAQPage | Add Service schema (or Article schema on a post) | Add LocalBusiness schema with the office address | Add Review or AggregateRating schema from real Google reviews | Set a branded share image (og:image) | Add the entity this page is about (Service, LocalBusiness, Article or Product) | Link this page's entity to the Organization (provider, publisher or parentOrganization) | Add areaServed or a postal address to the entity | Add contactPoint or a telephone to the Organization",8
https://goodsuite.com/submit-a-request/,form,Submit a Request - GoodSuite,28,False,Need assistance? Submit a request to our service specialist for quick support on your equipment issues.,103,Submit a Request,1,3,4,1,192,5,1,85,18,https://goodsuite.com/submit-a-request/,True,,False,False,False,45,D,"primary, provider, area, contact",11,False,False,False,False,True,"BreadcrumbList, EntryPoint, ImageObject, ListItem, Organization, PropertyValueSpecification, ReadAction, SearchAction, WebPage, WebSite",False,True,False,True,37,F,"Rewrite the title to 30 to 60 characters | Add the city or service area to the title | Deepen to 300 words or more | Alt text on every image | Add a five-question FAQ marked up as FAQPage | Add Service schema (or Article schema on a post) | Add LocalBusiness schema with the office address | Add Review or AggregateRating schema from real Google reviews | Set a branded share image (og:image) | Add the entity this page is about (Service, LocalBusiness, Article or Product) | Link this page's entity to the Organization (provider, publisher or parentOrganization) | Add areaServed or a postal address to the entity | Add contactPoint or a telephone to the Organization",9
https://goodsuite.com/supplies-request/,form,Supplies Request - GoodSuite,28,False,Need supplies? Complete our Supplies Request form and a GoodSuite specialist will assist you promptly with your equipment needs.,128,Request Supplies,1,3,4,1,182,5,0,85,18,https://goodsuite.com/supplies-request/,True,,False,False,False,45,D,"primary, provider, area, contact",11,False,False,False,False,True,"BreadcrumbList, EntryPoint, ImageObject, ListItem, Organization, PropertyValueSpecification, ReadAction, SearchAction, WebPage, WebSite",False,True,False,True,41,D,"Rewrite the title to 30 to 60 characters | Add the city or service area to the title | Deepen to 300 words or more | Add a five-question FAQ marked up as FAQPage | Add Service schema (or Article schema on a post) | Add LocalBusiness schema with the office address | Add Review or AggregateRating schema from real Google reviews | Set a branded share image (og:image) | Add the entity this page is about (Service, LocalBusiness, Article or Product) | Link this page's entity to the Organization (provider, publisher or parentOrganization) | Add areaServed or a postal address to the entity | Add contactPoint or a telephone to the Organization",8
https://goodsuite.com/support/,company,Support - GoodSuite,19,False,Need assistance? Submit a request to our service specialist for quick support on your equipment issues.,103,Request Support,1,6,4,3,210,6,1,86,21,https://goodsuite.com/support/,True,,False,False,True,71,B,"person, area, contact, about",11,False,False,False,False,True,"BreadcrumbList, EntryPoint, ImageObject, ListItem, Organization, PropertyValueSpecification, ReadAction, SearchAction, WebPage, WebSite",False,True,False,True,37,F,"Rewrite the title to 30 to 60 characters | Add the city or service area to the title | Deepen to 300 words or more | Alt text on every image | Add a five-question FAQ marked up as FAQPage | Add Service schema (or Article schema on a post) | Add LocalBusiness schema with the office address | Add Review or AggregateRating schema from real Google reviews | Set a branded share image (og:image) | Name the expert or author as a Person, with a URL that identifies them | Add areaServed or a postal address to the entity | Add contactPoint or a telephone to the Organization | Name what the page is about with about, mentions or serviceType",9
https://goodsuite.com/switching-to-goodsuite/,company,Switching to GoodSuite - GoodSuite,34,False,Switching to GoodSuite means uninterrupted service and expert support. Start your stress-free transition today for a flourishing business.,138,Switching to GoodSuite,1,17,9,6,667,7,0,85,19,https://goodsuite.com/switching-to-goodsuite/,True,,False,False,True,71,B,"person, area, contact, about",11,False,False,False,False,True,"BreadcrumbList, EntryPoint, ImageObject, ListItem, Organization, PropertyValueSpecification, ReadAction, SearchAction, WebPage, WebSite",False,True,True,True,56,C,"Add the city or service area to the title | Add a five-question FAQ marked up as FAQPage | Add Service schema (or Article schema on a post) | Add LocalBusiness schema with the office address | Add Review or AggregateRating schema from real Google reviews | Set a branded share image (og:image) | Name the expert or author as a Person, with a URL that identifies them | Add areaServed or a postal address to the entity | Add contactPoint or a telephone to the Organization | Name what the page is about with about, mentions or serviceType",6
https://goodsuite.com/testimonials/ardalan-law-group/,company,Ardalan Law Group - GoodSuite,29,False,,0,Ardalan Law Group,1,2,8,0,350,11,0,101,19,https://goodsuite.com/testimonials/ardalan-law-group/,True,,False,False,False,78,B,"area, contact, about",15,False,False,False,True,True,"Article, BreadcrumbList, EntryPoint, ImageObject, ListItem, Organization, Person, PropertyValueSpecification, ReadAction, SearchAction, WebPage, WebSite",False,True,False,True,48,D,"Rewrite the title to 30 to 60 characters | Add the city or service area to the title | Write a meta description of 70 to 160 characters | Add a heading that asks the question the page answers | Add a five-question FAQ marked up as FAQPage | Add LocalBusiness schema with the office address | Add Review or AggregateRating schema from real Google reviews | Set a branded share image (og:image) | Add areaServed or a postal address to the entity | Add contactPoint or a telephone to the Organization | Name what the page is about with about, mentions or serviceType",8
https://goodsuite.com/testimonials/bell-canyon/,company,Bell Canyon - GoodSuite,23,False,,0,Bell Canyon,1,2,8,0,383,11,0,101,18,https://goodsuite.com/testimonials/bell-canyon/,True,,False,False,False,78,B,"area, contact, about",15,False,False,False,True,True,"Article, BreadcrumbList, EntryPoint, ImageObject, ListItem, Organization, Person, PropertyValueSpecification, ReadAction, SearchAction, WebPage, WebSite",False,True,False,True,48,D,"Rewrite the title to 30 to 60 characters | Add the city or service area to the title | Write a meta description of 70 to 160 characters | Add a heading that asks the question the page answers | Add a five-question FAQ marked up as FAQPage | Add LocalBusiness schema with the office address | Add Review or AggregateRating schema from real Google reviews | Set a branded share image (og:image) | Add areaServed or a postal address to the entity | Add contactPoint or a telephone to the Organization | Name what the page is about with about, mentions or serviceType",8
https://goodsuite.com/testimonials/camarillo-aquatics/,company,Camarillo Aquatics - GoodSuite,30,False,,0,Camarillo Aquatics,1,2,8,0,433,11,0,101,19,https://goodsuite.com/testimonials/camarillo-aquatics/,True,,False,False,False,78,B,"area, contact, about",15,False,False,False,True,True,"Article, BreadcrumbList, EntryPoint, ImageObject, ListItem, Organization, Person, PropertyValueSpecification, ReadAction, SearchAction, WebPage, WebSite",False,True,False,True,53,D,"Add the city or service area to the title | Write a meta description of 70 to 160 characters | Add a heading that asks the question the page answers | Add a five-question FAQ marked up as FAQPage | Add LocalBusiness schema with the office address | Add Review or AggregateRating schema from real Google reviews | Set a branded share image (og:image) | Add areaServed or a postal address to the entity | Add contactPoint or a telephone to the Organization | Name what the page is about with about, mentions or serviceType",7
https://goodsuite.com/testimonials/cbre/,company,CBRE - GoodSuite,16,False,,0,CBRE,1,2,8,0,382,11,0,101,18,https://goodsuite.com/testimonials/cbre/,True,,False,False,False,78,B,"area, contact, about",15,False,False,False,True,True,"Article, BreadcrumbList, EntryPoint, ImageObject, ListItem, Organization, Person, PropertyValueSpecification, ReadAction, SearchAction, WebPage, WebSite",False,True,False,True,48,D,"Rewrite the title to 30 to 60 characters | Add the city or service area to the title | Write a meta description of 70 to 160 characters | Add a heading that asks the question the page answers | Add a five-question FAQ marked up as FAQPage | Add LocalBusiness schema with the office address | Add Review or AggregateRating schema from real Google reviews | Set a branded share image (og:image) | Add areaServed or a postal address to the entity | Add contactPoint or a telephone to the Organization | Name what the page is about with about, mentions or serviceType",8
https://goodsuite.com/testimonials/fertility-and-surgery-associates/,company,Fertility and Surgery Associates - GoodSuite,44,False,,0,Fertility and Surgery Associates,1,2,8,0,355,11,0,101,18,https://goodsuite.com/testimonials/fertility-and-surgery-associates/,True,,False,False,False,78,B,"area, contact, about",15,False,False,False,True,True,"Article, BreadcrumbList, EntryPoint, ImageObject, ListItem, Organization, Person, PropertyValueSpecification, ReadAction, SearchAction, WebPage, WebSite",False,True,False,True,53,D,"Add the city or service area to the title | Write a meta description of 70 to 160 characters | Add a heading that asks the question the page answers | Add a five-question FAQ marked up as FAQPage | Add LocalBusiness schema with the office address | Add Review or AggregateRating schema from real Google reviews | Set a branded share image (og:image) | Add areaServed or a postal address to the entity | Add contactPoint or a telephone to the Organization | Name what the page is about with about, mentions or serviceType",7
https://goodsuite.com/testimonials/hilton-pasadena/,company,Hilton Pasadena - GoodSuite,27,False,,0,Hilton Pasadena,1,2,8,0,362,11,0,101,18,https://goodsuite.com/testimonials/hilton-pasadena/,True,,False,False,False,78,B,"area, contact, about",15,False,False,False,True,True,"Article, BreadcrumbList, EntryPoint, ImageObject, ListItem, Organization, Person, PropertyValueSpecification, ReadAction, SearchAction, WebPage, WebSite",False,True,False,True,48,D,"Rewrite the title to 30 to 60 characters | Add the city or service area to the title | Write a meta description of 70 to 160 characters | Add a heading that asks the question the page answers | Add a five-question FAQ marked up as FAQPage | Add LocalBusiness schema with the office address | Add Review or AggregateRating schema from real Google reviews | Set a branded share image (og:image) | Add areaServed or a postal address to the entity | Add contactPoint or a telephone to the Organization | Name what the page is about with about, mentions or serviceType",8
https://goodsuite.com/testimonials/jsg-law-group/,company,JSG Law Group - GoodSuite,25,False,,0,JSG Law Group,1,2,8,0,491,11,0,101,19,https://goodsuite.com/testimonials/jsg-law-group/,True,,False,False,False,78,B,"area, contact, about",15,False,False,False,True,True,"Article, BreadcrumbList, EntryPoint, ImageObject, ListItem, Organization, Person, PropertyValueSpecification, ReadAction, SearchAction, WebPage, WebSite",False,True,False,True,48,D,"Rewrite the title to 30 to 60 characters | Add the city or service area to the title | Write a meta description of 70 to 160 characters | Add a heading that asks the question the page answers | Add a five-question FAQ marked up as FAQPage | Add LocalBusiness schema with the office address | Add Review or AggregateRating schema from real Google reviews | Set a branded share image (og:image) | Add areaServed or a postal address to the entity | Add contactPoint or a telephone to the Organization | Name what the page is about with about, mentions or serviceType",8
https://goodsuite.com/testimonials/king-of-glory-lutheran-church/,company,King of Glory Lutheran Church - GoodSuite,41,False,,0,King of Glory Lutheran Church,1,2,8,0,394,11,0,101,18,https://goodsuite.com/testimonials/king-of-glory-lutheran-church/,True,,False,False,False,78,B,"area, contact, about",15,False,False,False,True,True,"Article, BreadcrumbList, EntryPoint, ImageObject, ListItem, Organization, Person, PropertyValueSpecification, ReadAction, SearchAction, WebPage, WebSite",False,True,False,True,53,D,"Add the city or service area to the title | Write a meta description of 70 to 160 characters | Add a heading that asks the question the page answers | Add a five-question FAQ marked up as FAQPage | Add LocalBusiness schema with the office address | Add Review or AggregateRating schema from real Google reviews | Set a branded share image (og:image) | Add areaServed or a postal address to the entity | Add contactPoint or a telephone to the Organization | Name what the page is about with about, mentions or serviceType",7
https://goodsuite.com/testimonials/koppel-patrick-hyybl-philpott/,company,"Koppel, Patrick, Hyybl, Philpott - GoodSuite",44,False,,0,"Koppel, Patrick, Hyybl, Philpott",1,2,8,0,363,11,0,101,18,https://goodsuite.com/testimonials/koppel-patrick-hyybl-philpott/,True,,False,False,False,78,B,"area, contact, about",15,False,False,False,True,True,"Article, BreadcrumbList, EntryPoint, ImageObject, ListItem, Organization, Person, PropertyValueSpecification, ReadAction, SearchAction, WebPage, WebSite",False,True,False,True,53,D,"Add the city or service area to the title | Write a meta description of 70 to 160 characters | Add a heading that asks the question the page answers | Add a five-question FAQ marked up as FAQPage | Add LocalBusiness schema with the office address | Add Review or AggregateRating schema from real Google reviews | Set a branded share image (og:image) | Add areaServed or a postal address to the entity | Add contactPoint or a telephone to the Organization | Name what the page is about with about, mentions or serviceType",7
https://goodsuite.com/testimonials/law-office-of-sahag-majarian-ii/,company,Law Office of Sahag Majarian II - GoodSuite,43,False,,0,Law Office of Sahag Majarian II,1,2,8,0,476,11,0,101,18,https://goodsuite.com/testimonials/law-office-of-sahag-majarian-ii/,True,,False,False,False,78,B,"area, contact, about",15,False,False,False,True,True,"Article, BreadcrumbList, EntryPoint, ImageObject, ListItem, Organization, Person, PropertyValueSpecification, ReadAction, SearchAction, WebPage, WebSite",False,True,False,True,53,D,"Add the city or service area to the title | Write a meta description of 70 to 160 characters | Add a heading that asks the question the page answers | Add a five-question FAQ marked up as FAQPage | Add LocalBusiness schema with the office address | Add Review or AggregateRating schema from real Google reviews | Set a branded share image (og:image) | Add areaServed or a postal address to the entity | Add contactPoint or a telephone to the Organization | Name what the page is about with about, mentions or serviceType",7
https://goodsuite.com/testimonials/law-offices-of-sahag-majarian/,company,Law Offices of Sahag Majarian - GoodSuite,41,False,,0,Law Offices of Sahag Majarian,1,2,8,0,369,11,0,101,18,https://goodsuite.com/testimonials/law-offices-of-sahag-majarian/,True,,False,False,False,78,B,"area, contact, about",15,False,False,False,True,True,"Article, BreadcrumbList, EntryPoint, ImageObject, ListItem, Organization, Person, PropertyValueSpecification, ReadAction, SearchAction, WebPage, WebSite",False,True,False,True,53,D,"Add the city or service area to the title | Write a meta description of 70 to 160 characters | Add a heading that asks the question the page answers | Add a five-question FAQ marked up as FAQPage | Add LocalBusiness schema with the office address | Add Review or AggregateRating schema from real Google reviews | Set a branded share image (og:image) | Add areaServed or a postal address to the entity | Add contactPoint or a telephone to the Organization | Name what the page is about with about, mentions or serviceType",7
https://goodsuite.com/testimonials/red-peak-group-llc/,company,"Red Peak Group, LLC - GoodSuite",31,False,,0,"Red Peak Group, LLC",1,2,8,0,361,11,0,101,18,https://goodsuite.com/testimonials/red-peak-group-llc/,True,,False,False,False,78,B,"area, contact, about",15,False,False,False,True,True,"Article, BreadcrumbList, EntryPoint, ImageObject, ListItem, Organization, Person, PropertyValueSpecification, ReadAction, SearchAction, WebPage, WebSite",False,True,False,True,53,D,"Add the city or service area to the title | Write a meta description of 70 to 160 characters | Add a heading that asks the question the page answers | Add a five-question FAQ marked up as FAQPage | Add LocalBusiness schema with the office address | Add Review or AggregateRating schema from real Google reviews | Set a branded share image (og:image) | Add areaServed or a postal address to the entity | Add contactPoint or a telephone to the Organization | Name what the page is about with about, mentions or serviceType",7
https://goodsuite.com/testimonials/tcb-insurance/,company,TCB Insurance - GoodSuite,25,False,,0,TCB Insurance,1,2,8,0,420,11,0,101,18,https://goodsuite.com/testimonials/tcb-insurance/,True,,False,False,False,78,B,"area, contact, about",15,False,False,False,True,True,"Article, BreadcrumbList, EntryPoint, ImageObject, ListItem, Organization, Person, PropertyValueSpecification, ReadAction, SearchAction, WebPage, WebSite",False,True,False,True,48,D,"Rewrite the title to 30 to 60 characters | Add the city or service area to the title | Write a meta description of 70 to 160 characters | Add a heading that asks the question the page answers | Add a five-question FAQ marked up as FAQPage | Add LocalBusiness schema with the office address | Add Review or AggregateRating schema from real Google reviews | Set a branded share image (og:image) | Add areaServed or a postal address to the entity | Add contactPoint or a telephone to the Organization | Name what the page is about with about, mentions or serviceType",8
https://goodsuite.com/testimonials/ventura-beach-marriott/,company,Ventura Beach Marriott - GoodSuite,34,True,,0,Ventura Beach Marriott,1,2,8,0,458,11,0,101,20,https://goodsuite.com/testimonials/ventura-beach-marriott/,True,,False,False,False,78,B,"area, contact, about",15,False,False,False,True,True,"Article, BreadcrumbList, EntryPoint, ImageObject, ListItem, Organization, Person, PropertyValueSpecification, ReadAction, SearchAction, WebPage, WebSite",False,True,False,True,61,C,"Write a meta description of 70 to 160 characters | Add a heading that asks the question the page answers | Add a five-question FAQ marked up as FAQPage | Add LocalBusiness schema with the office address | Add Review or AggregateRating schema from real Google reviews | Set a branded share image (og:image) | Add areaServed or a postal address to the entity | Add contactPoint or a telephone to the Organization | Name what the page is about with about, mentions or serviceType",6
https://goodsuite.com/uncategorized-pages/a-b-testing-call-to-action-example/,company,A/B Testing Call To Action Example - GoodSuite,46,False,,0,A/B Testing Call To Action Example,1,2,8,0,355,11,0,101,18,https://goodsuite.com/uncategorized-pages/a-b-testing-call-to-action-example/,True,,False,False,False,78,B,"area, contact, about",15,False,False,False,True,True,"Article, BreadcrumbList, EntryPoint, ImageObject, ListItem, Organization, Person, PropertyValueSpecification, ReadAction, SearchAction, WebPage, WebSite",False,True,False,True,53,D,"Add the city or service area to the title | Write a meta description of 70 to 160 characters | Add a heading that asks the question the page answers | Add a five-question FAQ marked up as FAQPage | Add LocalBusiness schema with the office address | Add Review or AggregateRating schema from real Google reviews | Set a branded share image (og:image) | Add areaServed or a postal address to the entity | Add contactPoint or a telephone to the Organization | Name what the page is about with about, mentions or serviceType",7
https://goodsuite.com/uncategorized-pages/contact-call-to-action/,company,Contact Call to action - GoodSuite,34,False,,0,Contact Call to action,1,2,8,0,442,11,0,101,18,https://goodsuite.com/uncategorized-pages/contact-call-to-action/,True,,False,False,False,78,B,"area, contact, about",15,False,False,False,True,True,"Article, BreadcrumbList, EntryPoint, ImageObject, ListItem, Organization, Person, PropertyValueSpecification, ReadAction, SearchAction, WebPage, WebSite",False,True,False,True,53,D,"Add the city or service area to the title | Write a meta description of 70 to 160 characters | Add a heading that asks the question the page answers | Add a five-question FAQ marked up as FAQPage | Add LocalBusiness schema with the office address | Add Review or AggregateRating schema from real Google reviews | Set a branded share image (og:image) | Add areaServed or a postal address to the entity | Add contactPoint or a telephone to the Organization | Name what the page is about with about, mentions or serviceType",7
https://goodsuite.com/uncategorized-pages/dan-strull/,company,Dan Strull - GoodSuite,22,False,,0,Dan Strull,1,2,8,0,372,11,0,101,18,https://goodsuite.com/uncategorized-pages/dan-strull/,True,,False,False,False,78,B,"area, contact, about",15,False,False,False,True,True,"Article, BreadcrumbList, EntryPoint, ImageObject, ListItem, Organization, Person, PropertyValueSpecification, ReadAction, SearchAction, WebPage, WebSite",False,True,False,True,48,D,"Rewrite the title to 30 to 60 characters | Add the city or service area to the title | Write a meta description of 70 to 160 characters | Add a heading that asks the question the page answers | Add a five-question FAQ marked up as FAQPage | Add LocalBusiness schema with the office address | Add Review or AggregateRating schema from real Google reviews | Set a branded share image (og:image) | Add areaServed or a postal address to the entity | Add contactPoint or a telephone to the Organization | Name what the page is about with about, mentions or serviceType",8
https://goodsuite.com/uncategorized-pages/home/,company,HOME - GoodSuite,16,False,,0,HOME,1,2,8,0,351,11,0,101,18,https://goodsuite.com/uncategorized-pages/home/,True,,False,False,False,78,B,"area, contact, about",15,False,False,False,True,True,"Article, BreadcrumbList, EntryPoint, ImageObject, ListItem, Organization, Person, PropertyValueSpecification, ReadAction, SearchAction, WebPage, WebSite",False,True,False,True,48,D,"Rewrite the title to 30 to 60 characters | Add the city or service area to the title | Write a meta description of 70 to 160 characters | Add a heading that asks the question the page answers | Add a five-question FAQ marked up as FAQPage | Add LocalBusiness schema with the office address | Add Review or AggregateRating schema from real Google reviews | Set a branded share image (og:image) | Add areaServed or a postal address to the entity | Add contactPoint or a telephone to the Organization | Name what the page is about with about, mentions or serviceType",8
https://goodsuite.com/uncategorized-pages/lianne-coffman/,company,Lianne Coffman - GoodSuite,26,False,,0,Lianne Coffman,1,2,8,0,342,11,0,101,18,https://goodsuite.com/uncategorized-pages/lianne-coffman/,True,,False,False,False,78,B,"area, contact, about",15,False,False,False,True,True,"Article, BreadcrumbList, EntryPoint, ImageObject, ListItem, Organization, Person, PropertyValueSpecification, ReadAction, SearchAction, WebPage, WebSite",False,True,False,True,48,D,"Rewrite the title to 30 to 60 characters | Add the city or service area to the title | Write a meta description of 70 to 160 characters | Add a heading that asks the question the page answers | Add a five-question FAQ marked up as FAQPage | Add LocalBusiness schema with the office address | Add Review or AggregateRating schema from real Google reviews | Set a branded share image (og:image) | Add areaServed or a postal address to the entity | Add contactPoint or a telephone to the Organization | Name what the page is about with about, mentions or serviceType",8
https://goodsuite.com/uncategorized-pages/managed-print-services-print-smarter/,company,Managed Print Services: Print Smarter - GoodSuite,49,False,,0,Managed Print Services: Print Smarter,1,2,8,0,539,11,0,101,18,https://goodsuite.com/uncategorized-pages/managed-print-services-print-smarter/,True,,False,False,False,78,B,"area, contact, about",15,False,False,False,True,True,"Article, BreadcrumbList, EntryPoint, ImageObject, ListItem, Organization, Person, PropertyValueSpecification, ReadAction, SearchAction, WebPage, WebSite",False,True,False,True,53,D,"Add the city or service area to the title | Write a meta description of 70 to 160 characters | Add a heading that asks the question the page answers | Add a five-question FAQ marked up as FAQPage | Add LocalBusiness schema with the office address | Add Review or AggregateRating schema from real Google reviews | Set a branded share image (og:image) | Add areaServed or a postal address to the entity | Add contactPoint or a telephone to the Organization | Name what the page is about with about, mentions or serviceType",7
https://goodsuite.com/uncategorized-pages/one-click-request-submission/,form,One Click Request Submission - GoodSuite,40,False,,0,One Click Request Submission,1,2,8,0,352,11,0,101,18,https://goodsuite.com/uncategorized-pages/one-click-request-submission/,True,,False,False,False,45,D,"primary, provider, area, contact",15,False,False,False,True,True,"Article, BreadcrumbList, EntryPoint, ImageObject, ListItem, Organization, Person, PropertyValueSpecification, ReadAction, SearchAction, WebPage, WebSite",False,True,False,True,53,D,"Add the city or service area to the title | Write a meta description of 70 to 160 characters | Add a heading that asks the question the page answers | Add a five-question FAQ marked up as FAQPage | Add LocalBusiness schema with the office address | Add Review or AggregateRating schema from real Google reviews | Set a branded share image (og:image) | Add the entity this page is about (Service, LocalBusiness, Article or Product) | Link this page's entity to the Organization (provider, publisher or parentOrganization) | Add areaServed or a postal address to the entity | Add contactPoint or a telephone to the Organization",7
https://goodsuite.com/uncategorized-pages/paul-cooper/,company,Paul Cooper - GoodSuite,23,False,,0,Paul Cooper,1,2,8,0,360,11,0,101,18,https://goodsuite.com/uncategorized-pages/paul-cooper/,True,,False,False,False,78,B,"area, contact, about",15,False,False,False,True,True,"Article, BreadcrumbList, EntryPoint, ImageObject, ListItem, Organization, Person, PropertyValueSpecification, ReadAction, SearchAction, WebPage, WebSite",False,True,False,True,48,D,"Rewrite the title to 30 to 60 characters | Add the city or service area to the title | Write a meta description of 70 to 160 characters | Add a heading that asks the question the page answers | Add a five-question FAQ marked up as FAQPage | Add LocalBusiness schema with the office address | Add Review or AggregateRating schema from real Google reviews | Set a branded share image (og:image) | Add areaServed or a postal address to the entity | Add contactPoint or a telephone to the Organization | Name what the page is about with about, mentions or serviceType",8
https://goodsuite.com/uncategorized-pages/safecss/,company,safecss - GoodSuite,19,False,,0,safecss,1,2,8,0,361,11,0,101,18,https://goodsuite.com/uncategorized-pages/safecss/,True,,False,False,False,78,B,"area, contact, about",15,False,False,False,True,True,"Article, BreadcrumbList, EntryPoint, ImageObject, ListItem, Organization, Person, PropertyValueSpecification, ReadAction, SearchAction, WebPage, WebSite",False,True,False,True,48,D,"Rewrite the title to 30 to 60 characters | Add the city or service area to the title | Write a meta description of 70 to 160 characters | Add a heading that asks the question the page answers | Add a five-question FAQ marked up as FAQPage | Add LocalBusiness schema with the office address | Add Review or AggregateRating schema from real Google reviews | Set a branded share image (og:image) | Add areaServed or a postal address to the entity | Add contactPoint or a telephone to the Organization | Name what the page is about with about, mentions or serviceType",8
https://goodsuite.com/uncategorized-pages/stuart-fratkin/,company,Stuart Fratkin - GoodSuite,26,False,,0,Stuart Fratkin,1,2,8,0,356,11,0,101,18,https://goodsuite.com/uncategorized-pages/stuart-fratkin/,True,,False,False,False,78,B,"area, contact, about",15,False,False,False,True,True,"Article, BreadcrumbList, EntryPoint, ImageObject, ListItem, Organization, Person, PropertyValueSpecification, ReadAction, SearchAction, WebPage, WebSite",False,True,False,True,48,D,"Rewrite the title to 30 to 60 characters | Add the city or service area to the title | Write a meta description of 70 to 160 characters | Add a heading that asks the question the page answers | Add a five-question FAQ marked up as FAQPage | Add LocalBusiness schema with the office address | Add Review or AggregateRating schema from real Google reviews | Set a branded share image (og:image) | Add areaServed or a postal address to the entity | Add contactPoint or a telephone to the Organization | Name what the page is about with about, mentions or serviceType",8
https://goodsuite.com/uncategorized-pages/testimonials/,company,TESTIMONIALS - GoodSuite,24,False,,0,TESTIMONIALS,1,2,9,0,736,11,0,101,25,https://goodsuite.com/uncategorized-pages/testimonials/,True,,False,False,False,78,B,"area, contact, about",15,False,False,False,True,True,"Article, BreadcrumbList, EntryPoint, ImageObject, ListItem, Organization, Person, PropertyValueSpecification, ReadAction, SearchAction, WebPage, WebSite",False,True,False,True,48,D,"Rewrite the title to 30 to 60 characters | Add the city or service area to the title | Write a meta description of 70 to 160 characters | Add a heading that asks the question the page answers | Add a five-question FAQ marked up as FAQPage | Add LocalBusiness schema with the office address | Add Review or AggregateRating schema from real Google reviews | Set a branded share image (og:image) | Add areaServed or a postal address to the entity | Add contactPoint or a telephone to the Organization | Name what the page is about with about, mentions or serviceType",8
https://goodsuite.com/uncategorized-pages/the-skywell-a-fast-eco-conscious-way-to-get-pure-drinking-water/,company,"The Skywell: A Fast, Eco-Conscious Way to Get Pure Drinking Water - GoodSuite",77,False,,0,"The Skywell: A Fast, Eco-Conscious Way to Get Pure Drinking Water",1,5,8,1,716,12,0,101,18,https://goodsuite.com/uncategorized-pages/the-skywell-a-fast-eco-conscious-way-to-get-pure-drinking-water/,True,,False,False,False,78,B,"area, contact, about",16,False,False,False,True,True,"Article, BreadcrumbList, EntryPoint, ImageObject, ListItem, Organization, Person, PropertyValueSpecification, ReadAction, SearchAction, WebPage, WebSite",False,True,False,True,56,C,"Rewrite the title to 30 to 60 characters | Add the city or service area to the title | Write a meta description of 70 to 160 characters | Add a five-question FAQ marked up as FAQPage | Add LocalBusiness schema with the office address | Add Review or AggregateRating schema from real Google reviews | Set a branded share image (og:image) | Add areaServed or a postal address to the entity | Add contactPoint or a telephone to the Organization | Name what the page is about with about, mentions or serviceType",7
https://goodsuite.com/uncategorized/benefits-of-quality-printers-for-manufacturing-2025/,company,Benefits of Quality Printers for Manufacturing - GoodSuite,58,False,,0,Benefits of Quality Printers for Manufacturing,1,2,8,1,1287,19,0,105,20,https://goodsuite.com/uncategorized/benefits-of-quality-printers-for-manufacturing-2025/,True,https://goodsuite.com/wp-content/uploads/2025/04/1100x400-good-suites-14.jpg,False,False,False,78,B,"area, contact, about",16,False,False,False,True,True,"Article, BreadcrumbList, EntryPoint, ImageObject, ListItem, Organization, Person, PropertyValueSpecification, ReadAction, SearchAction, WebPage, WebSite",False,True,False,True,63,C,"Add the city or service area to the title | Write a meta description of 70 to 160 characters | Add a five-question FAQ marked up as FAQPage | Add LocalBusiness schema with the office address | Add Review or AggregateRating schema from real Google reviews | Add areaServed or a postal address to the entity | Add contactPoint or a telephone to the Organization | Name what the page is about with about, mentions or serviceType",5
https://goodsuite.com/uncategorized/benefits-of-quality-printers-for-manufacturing/,company,Benefits of Quality Printers for Manufacturing Efficiency,57,False,"Discover how quality printers boost productivity in manufacturing. Reduce downtime, improve accuracy, and streamline operations with the right printing solutions.",162,Benefits of Quality Printers for Manufacturing,1,2,8,1,1268,15,0,103,20,https://goodsuite.com/uncategorized/benefits-of-quality-printers-for-manufacturing/,True,https://goodsuite.com/wp-content/uploads/2025/02/f-12.jpg,False,False,True,78,B,"area, contact, about",16,False,False,False,True,True,"Article, BreadcrumbList, EntryPoint, ImageObject, ListItem, Organization, Person, PropertyValueSpecification, ReadAction, SearchAction, WebPage, WebSite",False,True,False,True,63,C,"Add the city or service area to the title | Write a meta description of 70 to 160 characters | Add a five-question FAQ marked up as FAQPage | Add LocalBusiness schema with the office address | Add Review or AggregateRating schema from real Google reviews | Add areaServed or a postal address to the entity | Add contactPoint or a telephone to the Organization | Name what the page is about with about, mentions or serviceType",5
https://goodsuite.com/uncategorized/how-to-choose-the-right-cybersecurity-solution-for-your-business/,company,How to Choose the Right Cybersecurity Solution for Your Business?,65,False,"Find the best cybersecurity solution for your business. Explore key factors to consider, from budget to protection level, and make a smart, secure choice.",154,How to Choose the Right Cybersecurity Solution for Your Business?,1,2,8,1,1225,16,0,105,21,https://goodsuite.com/uncategorized/how-to-choose-the-right-cybersecurity-solution-for-your-business/,True,https://goodsuite.com/wp-content/uploads/2025/03/1100x400-good-suites-7.jpg,False,False,True,78,B,"area, contact, about",16,False,False,False,True,True,"Article, BreadcrumbList, EntryPoint, ImageObject, ListItem, Organization, Person, PropertyValueSpecification, ReadAction, SearchAction, WebPage, WebSite",False,True,False,True,63,C,"Rewrite the title to 30 to 60 characters | Add the city or service area to the title | Add a five-question FAQ marked up as FAQPage | Add LocalBusiness schema with the office address | Add Review or AggregateRating schema from real Google reviews | Add areaServed or a postal address to the entity | Add contactPoint or a telephone to the Organization | Name what the page is about with about, mentions or serviceType",5
https://goodsuite.com/uncategorized/how-will-tariffs-impact-your-businesss-printing-needs/,company,How Will Tariffs Impact Your Business's Printing Needs? - GoodSuite,67,False,,0,How Will Tariffs Impact Your Business’s Printing Needs?,1,2,8,2,1553,18,0,107,22,https://goodsuite.com/uncategorized/how-will-tariffs-impact-your-businesss-printing-needs/,True,https://goodsuite.com/wp-content/uploads/2025/05/How-Will-Tariffs-Impact-Your-Businesss-Printing-Needs.jpg,False,False,False,78,B,"area, contact, about",16,False,False,False,True,True,"Article, BreadcrumbList, EntryPoint, ImageObject, ListItem, Organization, Person, PropertyValueSpecification, ReadAction, SearchAction, WebPage, WebSite",False,True,False,True,58,C,"Rewrite the title to 30 to 60 characters | Add the city or service area to the title | Write a meta description of 70 to 160 characters | Add a five-question FAQ marked up as FAQPage | Add LocalBusiness schema with the office address | Add Review or AggregateRating schema from real Google reviews | Add areaServed or a postal address to the entity | Add contactPoint or a telephone to the Organization | Name what the page is about with about, mentions or serviceType",6
https://goodsuite.com/uncategorized/what-are-managed-print-services-beginners-guide/,company,What are Managed Print Services? Beginner’s Guide,49,False,"Managed Print Services simplify your office’s printing needs by reducing costs, enhancing efficiency, and improving document security.",134,What are Managed Print Services? Beginner’s Guide,1,2,8,2,1318,16,0,104,22,https://goodsuite.com/uncategorized/what-are-managed-print-services-beginners-guide/,True,https://goodsuite.com/wp-content/uploads/2025/01/f-8.jpg,False,False,False,78,B,"area, contact, about",16,False,False,False,True,True,"Article, BreadcrumbList, EntryPoint, ImageObject, ListItem, Organization, Person, PropertyValueSpecification, ReadAction, SearchAction, WebPage, WebSite",False,True,False,True,68,C,"Add the city or service area to the title | Add a five-question FAQ marked up as FAQPage | Add LocalBusiness schema with the office address | Add Review or AggregateRating schema from real Google reviews | Add areaServed or a postal address to the entity | Add contactPoint or a telephone to the Organization | Name what the page is about with about, mentions or serviceType",4
https://goodsuite.com/unified-communications-book-meeting/,form,Unified Communications & VoIP Solutions | GoodSuite,51,False,"Improve internal and external communication with Unified Communications and VoIP solutions. Connect teams, improve collaboration, and enhance productivity.",155,Cloud Phone Systems,1,7,18,4,744,6,0,83,21,https://goodsuite.com/unified-communications-book-meeting/,True,,False,False,True,45,D,"primary, provider, area, contact",11,False,False,False,False,True,"BreadcrumbList, EntryPoint, ImageObject, ListItem, Organization, PropertyValueSpecification, ReadAction, SearchAction, WebPage, WebSite",False,True,False,True,56,C,"Add the city or service area to the title | Add a five-question FAQ marked up as FAQPage | Add Service schema (or Article schema on a post) | Add LocalBusiness schema with the office address | Add Review or AggregateRating schema from real Google reviews | Set a branded share image (og:image) | Add the entity this page is about (Service, LocalBusiness, Article or Product) | Link this page's entity to the Organization (provider, publisher or parentOrganization) | Add areaServed or a postal address to the entity | Add contactPoint or a telephone to the Organization",6
https://goodsuite.com/unified-communications/,service,Unified Communications & VoIP Solutions | GoodSuite,51,False,"Improve internal and external communication with Unified Communications and VoIP solutions. Connect teams, improve collaboration, and enhance productivity.",155,Cloud Phone Systems,1,7,18,4,744,6,0,86,18,https://goodsuite.com/unified-communications/,True,,False,False,True,48,D,"primary, provider, area, contact, about",11,False,False,False,False,True,"BreadcrumbList, EntryPoint, ImageObject, ListItem, Organization, PropertyValueSpecification, ReadAction, SearchAction, WebPage, WebSite",False,True,False,True,56,C,"Add the city or service area to the title | Add a five-question FAQ marked up as FAQPage | Add Service schema (or Article schema on a post) | Add LocalBusiness schema with the office address | Add Review or AggregateRating schema from real Google reviews | Set a branded share image (og:image) | Add the entity this page is about (Service, LocalBusiness, Article or Product) | Link this page's entity to the Organization (provider, publisher or parentOrganization) | Add areaServed or a postal address to the entity | Add contactPoint or a telephone to the Organization | Name what the page is about with about, mentions or serviceType",6
https://goodsuite.com/webinar/always-have-a-backup-plan-when-things-go-wrong/,post,Always have a backup plan when things go wrong. - GoodSuite,59,False,,0,Always have a backup plan when things go wrong.,1,1,9,0,323,15,0,101,19,https://goodsuite.com/webinar/always-have-a-backup-plan-when-things-go-wrong/,True,https://goodsuite.com/wp-content/uploads/2026/03/EP9-1.webp,False,False,False,96,A,contact,16,False,False,False,True,True,"Article, BreadcrumbList, EntryPoint, ImageObject, ListItem, Organization, Person, PropertyValueSpecification, ReadAction, SearchAction, WebPage, WebSite",False,True,False,True,50,D,Add the city or service area to the title | Write a meta description of 70 to 160 characters | Break the copy into two or more H2 sections | Add a heading that asks the question the page answers | Add a five-question FAQ marked up as FAQPage | Add LocalBusiness schema with the office address | Add Review or AggregateRating schema from real Google reviews | Add contactPoint or a telephone to the Organization,7
https://goodsuite.com/webinar/securing-microsoft-365-in-the-age-of-ai-copilot-compliance-and-data-protection/,post,"Securing Microsoft 365 in the Age of AI - Copilot, Compliance, and Data Protection - Webinar - GoodSuite",104,False,,0,EDUCATIONAL WEBINAR REPLAY,1,1,4,0,210,6,0,82,18,https://goodsuite.com/securing-microsoft-365-in-the-age-of-ai-copilot-compliance-and-data-protection-webinar/,False,,False,False,False,44,D,"primary, person, provider, author, contact, about",11,False,False,False,False,True,"BreadcrumbList, EntryPoint, ImageObject, ListItem, Organization, PropertyValueSpecification, ReadAction, SearchAction, WebPage, WebSite",False,True,False,True,19,F,"Rewrite the title to 30 to 60 characters | Add the city or service area to the title | Write a meta description of 70 to 160 characters | Break the copy into two or more H2 sections | Add a heading that asks the question the page answers | Deepen to 300 words or more | Add a five-question FAQ marked up as FAQPage | Add Service schema (or Article schema on a post) | Add LocalBusiness schema with the office address | Add Review or AggregateRating schema from real Google reviews | Set a self-referencing canonical | Set a branded share image (og:image) | Add the entity this page is about (Service, LocalBusiness, Article or Product) | Name the expert or author as a Person, with a URL that identifies them | Link this page's entity to the Organization (provider, publisher or parentOrganization) | Point author at a Person object, not a plain string | Add contactPoint or a telephone to the Organization | Name what the page is about with about, mentions or serviceType",12
https://goodsuite.com/webinars/,company,Webinars - GoodSuite,20,False,Join our tech insight webinars today and expand your understanding with expertly crafted webinars for all levels.,113,Tech Insight Webinars,1,1,10,1,413,18,0,96,27,https://goodsuite.com/webinars/,True,,False,False,True,71,B,"person, area, contact, about",11,False,False,False,False,True,"BreadcrumbList, EntryPoint, ImageObject, ListItem, Organization, PropertyValueSpecification, ReadAction, SearchAction, WebPage, WebSite",False,True,False,True,46,D,"Rewrite the title to 30 to 60 characters | Add the city or service area to the title | Break the copy into two or more H2 sections | Add a five-question FAQ marked up as FAQPage | Add Service schema (or Article schema on a post) | Add LocalBusiness schema with the office address | Add Review or AggregateRating schema from real Google reviews | Set a branded share image (og:image) | Name the expert or author as a Person, with a URL that identifies them | Add areaServed or a postal address to the entity | Add contactPoint or a telephone to the Organization | Name what the page is about with about, mentions or serviceType",8
https://goodsuite.com/work/,company,Signal Work - GoodSuite,23,False,,0,Seamless Copier Upgrade & Vendor Consolidation with GoodSuite,5,1,4,0,242,9,0,97,18,https://goodsuite.com/work/,True,,False,False,False,71,B,"person, area, contact, about",11,False,False,False,False,True,"BreadcrumbList, EntryPoint, ImageObject, ListItem, Organization, PropertyValueSpecification, ReadAction, SearchAction, WebPage, WebSite",False,True,False,True,18,F,"Rewrite the title to 30 to 60 characters | Add the city or service area to the title | Write a meta description of 70 to 160 characters | Give the page exactly one H1 | Break the copy into two or more H2 sections | Add a heading that asks the question the page answers | Deepen to 300 words or more | Add a five-question FAQ marked up as FAQPage | Add Service schema (or Article schema on a post) | Add LocalBusiness schema with the office address | Add Review or AggregateRating schema from real Google reviews | Set a branded share image (og:image) | Name the expert or author as a Person, with a URL that identifies them | Add areaServed or a postal address to the entity | Add contactPoint or a telephone to the Organization | Name what the page is about with about, mentions or serviceType",12
https://goodsuite.com/workflow-automation-assessment/,form,Workflow Automation Assessment - GoodSuite,42,False,Improve your business operations with a Workflow Automation Assessment. Discover risks and enhance your workflows today.,120,Workflow Assessments,1,4,8,2,292,5,1,85,18,https://goodsuite.com/workflow-automation-assessment/,True,,False,False,False,45,D,"primary, provider, area, contact",11,False,False,False,False,True,"BreadcrumbList, EntryPoint, ImageObject, ListItem, Organization, PropertyValueSpecification, ReadAction, SearchAction, WebPage, WebSite",False,True,False,True,42,D,"Add the city or service area to the title | Deepen to 300 words or more | Alt text on every image | Add a five-question FAQ marked up as FAQPage | Add Service schema (or Article schema on a post) | Add LocalBusiness schema with the office address | Add Review or AggregateRating schema from real Google reviews | Set a branded share image (og:image) | Add the entity this page is about (Service, LocalBusiness, Article or Product) | Link this page's entity to the Organization (provider, publisher or parentOrganization) | Add areaServed or a postal address to the entity | Add contactPoint or a telephone to the Organization",8
https://goodsuite.com/workflow-automation-book-meeting/,form,Workflow Automation & Document Management | GoodSuite,53,False,"Improve business processes with Workflow Automation and Document Management software. Improve efficiency, reduce errors, and streamline business processes.",155,Workflow Automation,1,5,14,0,637,6,0,82,21,https://goodsuite.com/workflow-automation-book-meeting/,True,,False,False,False,45,D,"primary, provider, area, contact",11,False,False,False,False,True,"BreadcrumbList, EntryPoint, ImageObject, ListItem, Organization, PropertyValueSpecification, ReadAction, SearchAction, WebPage, WebSite",False,True,False,True,48,D,"Add the city or service area to the title | Add a heading that asks the question the page answers | Add a five-question FAQ marked up as FAQPage | Add Service schema (or Article schema on a post) | Add LocalBusiness schema with the office address | Add Review or AggregateRating schema from real Google reviews | Set a branded share image (og:image) | Add the entity this page is about (Service, LocalBusiness, Article or Product) | Link this page's entity to the Organization (provider, publisher or parentOrganization) | Add areaServed or a postal address to the entity | Add contactPoint or a telephone to the Organization",7
https://goodsuite.com/workflow-automation/,service,Workflow Automation & Document Management | GoodSuite,53,False,"Improve business processes with Workflow Automation and Document Management software. Improve efficiency, reduce errors, and streamline business processes.",155,Workflow Automation,1,5,14,0,637,6,0,85,18,https://goodsuite.com/workflow-automation/,True,,False,False,False,48,D,"primary, provider, area, contact, about",11,False,False,False,False,True,"BreadcrumbList, EntryPoint, ImageObject, ListItem, Organization, PropertyValueSpecification, ReadAction, SearchAction, WebPage, WebSite",False,True,False,True,48,D,"Add the city or service area to the title | Add a heading that asks the question the page answers | Add a five-question FAQ marked up as FAQPage | Add Service schema (or Article schema on a post) | Add LocalBusiness schema with the office address | Add Review or AggregateRating schema from real Google reviews | Set a branded share image (og:image) | Add the entity this page is about (Service, LocalBusiness, Article or Product) | Link this page's entity to the Organization (provider, publisher or parentOrganization) | Add areaServed or a postal address to the entity | Add contactPoint or a telephone to the Organization | Name what the page is about with about, mentions or serviceType",7
